"No.","Time","Source","Destination","Protocol","Length","Info"
"1","0.000000","192.168.5.143","52.85.151.42","TLSv1.2","100","Application Data"
"2","0.000030","192.168.5.143","35.244.181.201","TLSv1.2","100","Application Data"
"3","0.000060","52.85.151.42","192.168.5.143","TCP","60","443  >  59404 [ACK] Seq=1 Ack=47 Win=64240 Len=0"
"4","0.000091","35.244.181.201","192.168.5.143","TCP","60","443  >  42464 [ACK] Seq=1 Ack=47 Win=64240 Len=0"
"5","0.000236","192.168.5.143","52.85.151.42","TLSv1.2","85","Encrypted Alert"
"6","0.000236","192.168.5.143","52.85.151.42","TCP","60","59404  >  443 [FIN, ACK] Seq=78 Ack=1 Win=63360 Len=0"
"7","0.000264","52.85.151.42","192.168.5.143","TCP","60","443  >  59404 [ACK] Seq=1 Ack=78 Win=64240 Len=0"
"8","0.000308","52.85.151.42","192.168.5.143","TCP","60","443  >  59404 [ACK] Seq=1 Ack=79 Win=64239 Len=0"
"9","0.000459","192.168.5.143","35.244.181.201","TLSv1.2","85","Encrypted Alert"
"10","0.000459","35.244.181.201","192.168.5.143","TCP","60","443  >  42464 [ACK] Seq=1 Ack=78 Win=64240 Len=0"
"11","0.000459","192.168.5.143","35.244.181.201","TCP","60","42464  >  443 [FIN, ACK] Seq=78 Ack=1 Win=62780 Len=0"
"12","0.000545","35.244.181.201","192.168.5.143","TCP","60","443  >  42464 [ACK] Seq=1 Ack=79 Win=64239 Len=0"
"13","0.006748","52.85.151.42","192.168.5.143","TCP","60","443  >  59404 [FIN, PSH, ACK] Seq=1 Ack=79 Win=64239 Len=0"
"14","0.006801","192.168.5.143","52.85.151.42","TCP","60","59404  >  443 [ACK] Seq=79 Ack=2 Win=63360 Len=0"
"15","0.014679","35.244.181.201","192.168.5.143","TCP","60","443  >  42464 [FIN, PSH, ACK] Seq=1 Ack=79 Win=64239 Len=0"
"16","0.014750","192.168.5.143","35.244.181.201","TCP","60","42464  >  443 [ACK] Seq=79 Ack=2 Win=62780 Len=0"
"17","4.188678","192.168.5.143","216.229.0.50","NTP","90","NTP Version 4, client"
"18","4.248823","216.229.0.50","192.168.5.143","NTP","90","NTP Version 4, server"
"19","7.174202","192.168.5.143","10.0.0.6","TCP","74","39880  >  443 [SYN] Seq=0 Win=64240 Len=0 MSS=1460 SACK_PERM=1 TSval=3641269710 TSecr=0 WS=128"
"20","8.280213","192.168.5.143","10.0.0.6","TCP","74","[TCP Retransmission] [TCP Port numbers reused] 39880  >  443 [SYN] Seq=0 Win=64240 Len=0 MSS=1460 SACK_PERM=1 TSval=3641270733 TSecr=0 WS=128"
"21","9.115149","192.168.5.143","192.168.5.2","DNS","77","Standard query 0x0616 A captive.apple.com"
"22","9.115149","192.168.5.143","192.168.5.2","DNS","77","Standard query 0x3213 AAAA captive.apple.com"
"23","9.116214","192.168.5.2","192.168.5.143","DNS","275","Standard query response 0x3213 AAAA captive.apple.com CNAME captive-cidr.origin-apple.com.akadns.net CNAME captive-cdn.origin-apple.com.akadns.net CNAME captive.g.aaplimg.com AAAA 2620:149:a10:f100::6 AAAA 2620:149:a10:f000::1"
"24","9.119642","192.168.5.2","192.168.5.143","DNS","251","Standard query response 0x0616 A captive.apple.com CNAME captive-cidr.origin-apple.com.akadns.net CNAME captive-cdn.origin-apple.com.akadns.net CNAME captive.g.aaplimg.com A 17.253.21.206 A 17.253.21.201"
"25","9.119949","192.168.5.143","17.253.21.201","TCP","74","59742  >  80 [SYN] Seq=0 Win=64240 Len=0 MSS=1460 SACK_PERM=1 TSval=1308626711 TSecr=0 WS=128"
"26","9.128697","17.253.21.201","192.168.5.143","TCP","60","80  >  59742 [SYN, ACK] Seq=0 Ack=1 Win=64240 Len=0 MSS=1460"
"27","9.128848","192.168.5.143","17.253.21.201","TCP","60","59742  >  80 [ACK] Seq=1 Ack=1 Win=64240 Len=0"
"28","9.128903","192.168.5.143","17.253.21.201","HTTP","199","GET /generate_204 HTTP/1.1 "
"29","9.129000","17.253.21.201","192.168.5.143","TCP","60","80  >  59742 [ACK] Seq=1 Ack=146 Win=64240 Len=0"
"30","9.138281","17.253.21.201","192.168.5.143","HTTP","751","HTTP/1.1 200 OK  (text/html)"
"31","9.138470","192.168.5.143","17.253.21.201","TCP","60","59742  >  80 [ACK] Seq=146 Ack=698 Win=63543 Len=0"
"32","9.138500","192.168.5.143","17.253.21.201","TCP","60","59742  >  80 [FIN, ACK] Seq=146 Ack=698 Win=63543 Len=0"
"33","9.138628","17.253.21.201","192.168.5.143","TCP","60","80  >  59742 [ACK] Seq=698 Ack=147 Win=64239 Len=0"
"34","9.138812","192.168.5.143","192.168.5.2","DNS","79","Standard query 0x6bcd A clients3.google.com"
"35","9.138812","192.168.5.143","192.168.5.2","DNS","79","Standard query 0xd0ce AAAA clients3.google.com"
"36","9.139602","192.168.5.2","192.168.5.143","DNS","209","Standard query response 0x6bcd A clients3.google.com CNAME clients.l.google.com A 172.253.122.113 A 172.253.122.138 A 172.253.122.100 A 172.253.122.102 A 172.253.122.139 A 172.253.122.101"
"37","9.139685","192.168.5.2","192.168.5.143","DNS","225","Standard query response 0xd0ce AAAA clients3.google.com CNAME clients.l.google.com AAAA 2607:f8b0:4004:c17::8b AAAA 2607:f8b0:4004:c17::71 AAAA 2607:f8b0:4004:c17::65 AAAA 2607:f8b0:4004:c17::66"
"38","9.139837","192.168.5.143","172.253.122.101","TCP","74","42082  >  80 [SYN] Seq=0 Win=64240 Len=0 MSS=1460 SACK_PERM=1 TSval=3404910947 TSecr=0 WS=128"
"39","9.144863","17.253.21.201","192.168.5.143","TCP","60","80  >  59742 [FIN, PSH, ACK] Seq=698 Ack=147 Win=64239 Len=0"
"40","9.144906","192.168.5.143","17.253.21.201","TCP","60","59742  >  80 [ACK] Seq=147 Ack=699 Win=63543 Len=0"
"41","9.163487","172.253.122.101","192.168.5.143","TCP","60","80  >  42082 [SYN, ACK] Seq=0 Ack=1 Win=64240 Len=0 MSS=1460"
"42","9.163536","192.168.5.143","172.253.122.101","TCP","60","42082  >  80 [ACK] Seq=1 Ack=1 Win=64240 Len=0"
"43","9.163631","192.168.5.143","172.253.122.101","HTTP","201","GET /generate_204 HTTP/1.1 "
"44","9.163661","172.253.122.101","192.168.5.143","TCP","60","80  >  42082 [ACK] Seq=1 Ack=148 Win=64240 Len=0"
"45","9.188105","172.253.122.101","192.168.5.143","HTTP","137","HTTP/1.1 204 No Content "
"46","9.188202","192.168.5.143","172.253.122.101","TCP","60","42082  >  80 [ACK] Seq=148 Ack=84 Win=64157 Len=0"
"47","9.188313","192.168.5.143","172.253.122.101","TCP","60","42082  >  80 [FIN, ACK] Seq=148 Ack=84 Win=64157 Len=0"
"48","9.188416","172.253.122.101","192.168.5.143","TCP","60","80  >  42082 [ACK] Seq=84 Ack=149 Win=64239 Len=0"
"49","9.188729","192.168.5.143","192.168.5.2","DNS","83","Standard query 0x90a2 A www.msftconnecttest.com"
"50","9.188744","192.168.5.143","192.168.5.2","DNS","83","Standard query 0xe9a7 AAAA www.msftconnecttest.com"
"51","9.206490","192.168.5.2","192.168.5.143","DNS","219","Standard query response 0x90a2 A www.msftconnecttest.com CNAME ncsi-geo.trafficmanager.net CNAME v4ncsi.msedge.net CNAME ncsi.4-c-0003.c-msedge.net CNAME 4-c-0003.c-msedge.net A 13.107.4.52"
"52","9.206605","192.168.5.2","192.168.5.143","DNS","260","Standard query response 0xe9a7 AAAA www.msftconnecttest.com CNAME ncsi-geo.trafficmanager.net CNAME v4ncsi.msedge.net CNAME ncsi.4-c-0003.c-msedge.net CNAME 4-c-0003.c-msedge.net SOA ns1.c-msedge.net"
"53","9.206781","192.168.5.143","13.107.4.52","TCP","74","33278  >  80 [SYN] Seq=0 Win=64240 Len=0 MSS=1460 SACK_PERM=1 TSval=1780618971 TSecr=0 WS=128"
"54","9.209960","172.253.122.101","192.168.5.143","TCP","60","80  >  42082 [FIN, PSH, ACK] Seq=84 Ack=149 Win=64239 Len=0"
"55","9.210019","192.168.5.143","172.253.122.101","TCP","60","42082  >  80 [ACK] Seq=149 Ack=85 Win=64157 Len=0"
"56","9.219685","13.107.4.52","192.168.5.143","TCP","60","80  >  33278 [SYN, ACK] Seq=0 Ack=1 Win=64240 Len=0 MSS=1460"
"57","9.219809","192.168.5.143","13.107.4.52","TCP","60","33278  >  80 [ACK] Seq=1 Ack=1 Win=64240 Len=0"
"58","9.219809","192.168.5.143","13.107.4.52","HTTP","208","GET /connecttest.txt HTTP/1.1 "
"59","9.219865","13.107.4.52","192.168.5.143","TCP","60","80  >  33278 [ACK] Seq=1 Ack=155 Win=64240 Len=0"
"60","9.231482","13.107.4.52","192.168.5.143","HTTP","574","HTTP/1.1 200 OK  (text/plain)"
"61","9.231598","192.168.5.143","13.107.4.52","TCP","60","33278  >  80 [ACK] Seq=155 Ack=521 Win=63784 Len=0"
"62","9.231654","192.168.5.143","13.107.4.52","TCP","60","33278  >  80 [FIN, ACK] Seq=155 Ack=521 Win=63784 Len=0"
"63","9.231743","13.107.4.52","192.168.5.143","TCP","60","80  >  33278 [ACK] Seq=521 Ack=156 Win=64239 Len=0"
"64","9.244012","13.107.4.52","192.168.5.143","TCP","60","80  >  33278 [FIN, PSH, ACK] Seq=521 Ack=156 Win=64239 Len=0"
"65","9.244118","192.168.5.143","13.107.4.52","TCP","60","33278  >  80 [ACK] Seq=156 Ack=522 Win=63784 Len=0"
"66","10.173835","192.168.5.143","10.0.0.6","TCP","74","[TCP Retransmission] [TCP Port numbers reused] 39880  >  443 [SYN] Seq=0 Win=64240 Len=0 MSS=1460 SACK_PERM=1 TSval=3641272750 TSecr=0 WS=128"
"67","10.594627","35.163.37.142","192.168.5.143","TLSv1.2","85","Application Data"
"68","10.594742","192.168.5.143","35.163.37.142","TCP","60","32784  >  443 [ACK] Seq=1 Ack=32 Win=62780 Len=0"
"69","10.595087","192.168.5.143","35.163.37.142","TLSv1.2","89","Application Data"
"70","10.595580","35.163.37.142","192.168.5.143","TCP","60","443  >  32784 [ACK] Seq=32 Ack=36 Win=64240 Len=0"
"71","24.728217","151.205.4.167","192.168.5.140","TCP","60","80  >  49300 [FIN, PSH, ACK] Seq=1 Ack=1 Win=64240 Len=0"
"72","24.728285","192.168.5.140","151.205.4.167","TCP","54","49300  >  80 [ACK] Seq=1 Ack=2 Win=64240 Len=0"
"73","24.728338","192.168.5.140","151.205.4.167","TCP","54","49300  >  80 [FIN, ACK] Seq=1 Ack=2 Win=64240 Len=0"
"74","24.728427","151.205.4.167","192.168.5.140","TCP","60","80  >  49300 [ACK] Seq=2 Ack=2 Win=64239 Len=0"
"75","28.137385","10.0.0.6","192.168.5.143","TCP","60","443  >  39880 [RST, ACK] Seq=1 Ack=1 Win=64240 Len=0"
"76","29.283740","VMware_76:eb:9b","VMware_e5:fd:f6","ARP","42","Who has 192.168.5.2? Tell 192.168.5.140"
"77","29.283861","VMware_e5:fd:f6","VMware_76:eb:9b","ARP","60","192.168.5.2 is at 00:50:56:e5:fd:f6"
"78","32.073401","192.168.5.143","216.229.0.50","NTP","90","NTP Version 4, client"
"79","32.091121","192.168.5.143","10.0.0.6","TCP","74","51214  >  443 [SYN] Seq=0 Win=64240 Len=0 MSS=1460 SACK_PERM=1 TSval=3641294666 TSecr=0 WS=128"
"80","32.127860","216.229.0.50","192.168.5.143","NTP","90","NTP Version 4, server"
"81","33.118207","192.168.5.143","10.0.0.6","TCP","74","[TCP Retransmission] [TCP Port numbers reused] 51214  >  443 [SYN] Seq=0 Win=64240 Len=0 MSS=1460 SACK_PERM=1 TSval=3641295693 TSecr=0 WS=128"
"82","35.138547","192.168.5.143","10.0.0.6","TCP","74","[TCP Retransmission] [TCP Port numbers reused] 51214  >  443 [SYN] Seq=0 Win=64240 Len=0 MSS=1460 SACK_PERM=1 TSval=3641297714 TSecr=0 WS=128"
"83","38.829680","192.168.5.140","34.104.35.123","TCP","66","49303  >  80 [SYN, ECN, CWR] Seq=0 Win=8192 Len=0 MSS=1460 WS=256 SACK_PERM=1"
"84","38.849784","34.104.35.123","192.168.5.140","TCP","60","80  >  49303 [SYN, ACK] Seq=0 Ack=1 Win=64240 Len=0 MSS=1460"
"85","38.849842","192.168.5.140","34.104.35.123","TCP","54","49303  >  80 [ACK] Seq=1 Ack=1 Win=64240 Len=0"
"86","38.849937","192.168.5.140","34.104.35.123","HTTP","341","HEAD /edgedl/release2/chrome_component/acntlgljrcxocxiqsgdv37p2aqma_9.36.0/gcmjkmgdlgnkkcocmoeiminaijmmjnii_9.36.0_all_adsjzgv2ajqsor2rtb4vd53mblra.crx3 HTTP/1.1 "
"87","38.850032","34.104.35.123","192.168.5.140","TCP","60","80  >  49303 [ACK] Seq=1 Ack=288 Win=64240 Len=0"
"88","38.871183","34.104.35.123","192.168.5.140","HTTP","604","HTTP/1.1 200 OK "
"89","38.902600","192.168.5.140","34.104.35.123","HTTP","392","GET /edgedl/release2/chrome_component/acntlgljrcxocxiqsgdv37p2aqma_9.36.0/gcmjkmgdlgnkkcocmoeiminaijmmjnii_9.36.0_all_adsjzgv2ajqsor2rtb4vd53mblra.crx3 HTTP/1.1 "
"90","38.902722","34.104.35.123","192.168.5.140","TCP","60","80  >  49303 [ACK] Seq=551 Ack=626 Win=64240 Len=0"
"91","38.906357","34.104.35.123","192.168.5.140","HTTP","420","HTTP/1.1 302 Found "
"92","38.906414","192.168.5.140","34.104.35.123","TCP","54","49303  >  80 [ACK] Seq=626 Ack=918 Win=63324 Len=0"
"93","38.906439","192.168.5.140","34.104.35.123","TCP","54","49303  >  80 [FIN, ACK] Seq=626 Ack=918 Win=63324 Len=0"
"94","38.906519","34.104.35.123","192.168.5.140","TCP","60","80  >  49303 [ACK] Seq=918 Ack=627 Win=64239 Len=0"
"95","38.906672","192.168.5.140","151.205.4.167","TCP","66","49304  >  80 [SYN, ECN, CWR] Seq=0 Win=8192 Len=0 MSS=1460 WS=256 SACK_PERM=1"
"96","38.914287","151.205.4.167","192.168.5.140","TCP","60","80  >  49304 [SYN, ACK] Seq=0 Ack=1 Win=64240 Len=0 MSS=1460"
"97","38.914314","192.168.5.140","151.205.4.167","TCP","54","49304  >  80 [ACK] Seq=1 Ack=1 Win=64240 Len=0"
"98","38.914447","192.168.5.140","151.205.4.167","HTTP","428","GET /data/0319d33dd4a709ee/edgedl.me.gvt1.com/edgedl/release2/chrome_component/acntlgljrcxocxiqsgdv37p2aqma_9.36.0/gcmjkmgdlgnkkcocmoeiminaijmmjnii_9.36.0_all_adsjzgv2ajqsor2rtb4vd53mblra.crx3 HTTP/1.1 "
"99","38.914533","151.205.4.167","192.168.5.140","TCP","60","80  >  49304 [ACK] Seq=1 Ack=375 Win=64240 Len=0"
"100","38.923305","151.205.4.167","192.168.5.140","TCP","1514","80  >  49304 [ACK] Seq=1 Ack=375 Win=64240 Len=1460 [TCP segment of a reassembled PDU]"
"101","38.923305","151.205.4.167","192.168.5.140","TCP","1514","80  >  49304 [PSH, ACK] Seq=1461 Ack=375 Win=64240 Len=1460 [TCP segment of a reassembled PDU]"
"102","38.923357","192.168.5.140","151.205.4.167","TCP","54","49304  >  80 [ACK] Seq=375 Ack=2921 Win=64240 Len=0"
"103","38.923482","151.205.4.167","192.168.5.140","TCP","1514","80  >  49304 [ACK] Seq=2921 Ack=375 Win=64240 Len=1460 [TCP segment of a reassembled PDU]"
"104","38.923482","151.205.4.167","192.168.5.140","TCP","1514","80  >  49304 [ACK] Seq=4381 Ack=375 Win=64240 Len=1460 [TCP segment of a reassembled PDU]"
"105","38.923482","151.205.4.167","192.168.5.140","TCP","1514","80  >  49304 [ACK] Seq=5841 Ack=375 Win=64240 Len=1460 [TCP segment of a reassembled PDU]"
"106","38.923482","151.205.4.167","192.168.5.140","TCP","1514","80  >  49304 [ACK] Seq=7301 Ack=375 Win=64240 Len=1460 [TCP segment of a reassembled PDU]"
"107","38.923482","151.205.4.167","192.168.5.140","TCP","1514","80  >  49304 [ACK] Seq=8761 Ack=375 Win=64240 Len=1460 [TCP segment of a reassembled PDU]"
"108","38.923482","151.205.4.167","192.168.5.140","TCP","1514","80  >  49304 [ACK] Seq=10221 Ack=375 Win=64240 Len=1460 [TCP segment of a reassembled PDU]"
"109","38.923482","151.205.4.167","192.168.5.140","TCP","1514","80  >  49304 [ACK] Seq=11681 Ack=375 Win=64240 Len=1460 [TCP segment of a reassembled PDU]"
"110","38.923482","151.205.4.167","192.168.5.140","TCP","1514","80  >  49304 [PSH, ACK] Seq=13141 Ack=375 Win=64240 Len=1460 [TCP segment of a reassembled PDU]"
"111","38.923529","192.168.5.140","151.205.4.167","TCP","54","49304  >  80 [ACK] Seq=375 Ack=14601 Win=64240 Len=0"
"112","38.931134","151.205.4.167","192.168.5.140","TCP","1514","80  >  49304 [PSH, ACK] Seq=14601 Ack=375 Win=64240 Len=1460 [TCP segment of a reassembled PDU]"
"113","38.931249","151.205.4.167","192.168.5.140","TCP","1514","80  >  49304 [ACK] Seq=16061 Ack=375 Win=64240 Len=1460 [TCP segment of a reassembled PDU]"
"114","38.931249","151.205.4.167","192.168.5.140","TCP","1514","80  >  49304 [ACK] Seq=17521 Ack=375 Win=64240 Len=1460 [TCP segment of a reassembled PDU]"
"115","38.931249","151.205.4.167","192.168.5.140","TCP","1514","80  >  49304 [ACK] Seq=18981 Ack=375 Win=64240 Len=1460 [TCP segment of a reassembled PDU]"
"116","38.931249","151.205.4.167","192.168.5.140","TCP","1514","80  >  49304 [ACK] Seq=20441 Ack=375 Win=64240 Len=1460 [TCP segment of a reassembled PDU]"
"117","38.931249","151.205.4.167","192.168.5.140","TCP","1514","80  >  49304 [PSH, ACK] Seq=21901 Ack=375 Win=64240 Len=1460 [TCP segment of a reassembled PDU]"
"118","38.931309","192.168.5.140","151.205.4.167","TCP","54","49304  >  80 [ACK] Seq=375 Ack=23361 Win=64240 Len=0"
"119","38.931374","151.205.4.167","192.168.5.140","TCP","1514","80  >  49304 [ACK] Seq=23361 Ack=375 Win=64240 Len=1460 [TCP segment of a reassembled PDU]"
"120","38.931374","151.205.4.167","192.168.5.140","TCP","1514","80  >  49304 [ACK] Seq=24821 Ack=375 Win=64240 Len=1460 [TCP segment of a reassembled PDU]"
"121","38.931374","151.205.4.167","192.168.5.140","TCP","1514","80  >  49304 [ACK] Seq=26281 Ack=375 Win=64240 Len=1460 [TCP segment of a reassembled PDU]"
"122","38.931374","151.205.4.167","192.168.5.140","TCP","1514","80  >  49304 [PSH, ACK] Seq=27741 Ack=375 Win=64240 Len=1460 [TCP segment of a reassembled PDU]"
"123","38.931423","192.168.5.140","151.205.4.167","TCP","54","49304  >  80 [ACK] Seq=375 Ack=29201 Win=64240 Len=0"
"124","38.931499","151.205.4.167","192.168.5.140","TCP","1514","80  >  49304 [ACK] Seq=29201 Ack=375 Win=64240 Len=1460 [TCP segment of a reassembled PDU]"
"125","38.931499","151.205.4.167","192.168.5.140","TCP","1514","80  >  49304 [ACK] Seq=30661 Ack=375 Win=64240 Len=1460 [TCP segment of a reassembled PDU]"
"126","38.931499","151.205.4.167","192.168.5.140","TCP","1514","80  >  49304 [PSH, ACK] Seq=32121 Ack=375 Win=64240 Len=1460 [TCP segment of a reassembled PDU]"
"127","38.931541","192.168.5.140","151.205.4.167","TCP","54","49304  >  80 [ACK] Seq=375 Ack=33581 Win=64240 Len=0"
"128","38.931623","151.205.4.167","192.168.5.140","TCP","1514","80  >  49304 [ACK] Seq=33581 Ack=375 Win=64240 Len=1460 [TCP segment of a reassembled PDU]"
"129","38.931623","151.205.4.167","192.168.5.140","TCP","1514","80  >  49304 [ACK] Seq=35041 Ack=375 Win=64240 Len=1460 [TCP segment of a reassembled PDU]"
"130","38.931623","151.205.4.167","192.168.5.140","TCP","1514","80  >  49304 [ACK] Seq=36501 Ack=375 Win=64240 Len=1460 [TCP segment of a reassembled PDU]"
"131","38.931623","151.205.4.167","192.168.5.140","TCP","1514","80  >  49304 [ACK] Seq=37961 Ack=375 Win=64240 Len=1460 [TCP segment of a reassembled PDU]"
"132","38.931623","151.205.4.167","192.168.5.140","HTTP","782","HTTP/1.1 200 OK "
"133","38.931655","192.168.5.140","151.205.4.167","TCP","54","49304  >  80 [ACK] Seq=375 Ack=40149 Win=64240 Len=0"
"134","42.903524","fe80::64a0:a1a1:e927:2934","ff02::1:2","DHCPv6","169","Solicit XID: 0x30b177 CID: 000100012924cdbf000c2976eb9b "
"135","43.915012","fe80::64a0:a1a1:e927:2934","ff02::1:2","DHCPv6","169","Solicit XID: 0x30b177 CID: 000100012924cdbf000c2976eb9b "
"136","44.508545","192.168.5.140","172.217.164.131","QUIC","1292","Initial, DCID=d313b2dd6657de61, PKN: 1, CRYPTO, PADDING, CRYPTO, CRYPTO, PADDING, CRYPTO, CRYPTO, PADDING, CRYPTO, PADDING, CRYPTO, CRYPTO, PADDING, CRYPTO, PADDING, CRYPTO"
"137","44.508705","192.168.5.140","172.217.164.131","QUIC","115","0-RTT, DCID=d313b2dd6657de61"
"138","44.534525","172.217.164.131","192.168.5.140","QUIC","1292","Protected Payload (KP0)"
"139","44.534525","172.217.164.131","192.168.5.140","QUIC","670","Protected Payload (KP0)"
"140","44.534916","192.168.5.140","172.217.164.131","QUIC","120","Handshake, DCID=d313b2dd6657de61"
"141","44.534997","192.168.5.140","172.217.164.131","QUIC","75","Protected Payload (KP0), DCID=d313b2dd6657de61"
"142","44.535149","192.168.5.140","172.217.164.131","QUIC","1288","Protected Payload (KP0), DCID=d313b2dd6657de61"
"143","44.535190","192.168.5.140","172.217.164.131","QUIC","395","Protected Payload (KP0), DCID=d313b2dd6657de61"
"144","44.550337","172.217.164.131","192.168.5.140","QUIC","141","Protected Payload (KP0)"
"145","44.550969","172.217.164.131","192.168.5.140","QUIC","71","Protected Payload (KP0)"
"146","44.550969","172.217.164.131","192.168.5.140","QUIC","67","Protected Payload (KP0)"
"147","44.551248","192.168.5.140","172.217.164.131","QUIC","75","Protected Payload (KP0), DCID=d313b2dd6657de61"
"148","44.567748","172.217.164.131","192.168.5.140","QUIC","549","Protected Payload (KP0)"
"149","44.567748","172.217.164.131","192.168.5.140","QUIC","257","Protected Payload (KP0)"
"150","44.567808","172.217.164.131","192.168.5.140","QUIC","156","Protected Payload (KP0)"
"151","44.567971","192.168.5.140","172.217.164.131","QUIC","77","Protected Payload (KP0), DCID=d313b2dd6657de61"
"152","44.568036","192.168.5.140","172.217.164.131","QUIC","75","Protected Payload (KP0), DCID=d313b2dd6657de61"
"153","44.612708","172.217.164.131","192.168.5.140","QUIC","67","Protected Payload (KP0)"
"154","44.920741","fe80::64a0:a1a1:e927:2934","ff02::1:2","DHCPv6","169","Solicit XID: 0x30b177 CID: 000100012924cdbf000c2976eb9b "
"155","45.243726","192.168.5.143","192.168.5.2","DNS","77","Standard query 0x488d A captive.apple.com"
"156","45.243726","192.168.5.143","192.168.5.2","DNS","77","Standard query 0x4380 AAAA captive.apple.com"
"157","45.244670","192.168.5.2","192.168.5.143","DNS","251","Standard query response 0x488d A captive.apple.com CNAME captive-cidr.origin-apple.com.akadns.net CNAME captive-cdn.origin-apple.com.akadns.net CNAME captive.g.aaplimg.com A 17.253.21.202 A 17.253.21.204"
"158","45.244739","192.168.5.2","192.168.5.143","DNS","275","Standard query response 0x4380 AAAA captive.apple.com CNAME captive-cidr.origin-apple.com.akadns.net CNAME captive-cdn.origin-apple.com.akadns.net CNAME captive.g.aaplimg.com AAAA 2620:149:a10:f000::1 AAAA 2620:149:a10:f100::6"
"159","45.244932","192.168.5.143","17.253.21.204","TCP","74","34780  >  80 [SYN] Seq=0 Win=64240 Len=0 MSS=1460 SACK_PERM=1 TSval=2501244520 TSecr=0 WS=128"
"160","45.251842","17.253.21.204","192.168.5.143","TCP","60","80  >  34780 [SYN, ACK] Seq=0 Ack=1 Win=64240 Len=0 MSS=1460"
"161","45.251938","192.168.5.143","17.253.21.204","TCP","60","34780  >  80 [ACK] Seq=1 Ack=1 Win=64240 Len=0"
"162","45.251983","192.168.5.143","17.253.21.204","HTTP","199","GET /generate_204 HTTP/1.1 "
"163","45.252011","17.253.21.204","192.168.5.143","TCP","60","80  >  34780 [ACK] Seq=1 Ack=146 Win=64240 Len=0"
"164","45.262749","17.253.21.204","192.168.5.143","HTTP","752","HTTP/1.1 200 OK  (text/html)"
"165","45.262812","192.168.5.143","17.253.21.204","TCP","60","34780  >  80 [ACK] Seq=146 Ack=699 Win=63542 Len=0"
"166","45.262878","192.168.5.143","17.253.21.204","TCP","60","34780  >  80 [FIN, ACK] Seq=146 Ack=699 Win=63542 Len=0"
"167","45.262937","17.253.21.204","192.168.5.143","TCP","60","80  >  34780 [ACK] Seq=699 Ack=147 Win=64239 Len=0"
"168","45.263086","192.168.5.143","192.168.5.2","DNS","79","Standard query 0x02e4 A clients3.google.com"
"169","45.263100","192.168.5.143","192.168.5.2","DNS","79","Standard query 0x7bea AAAA clients3.google.com"
"170","45.263966","192.168.5.2","192.168.5.143","DNS","209","Standard query response 0x02e4 A clients3.google.com CNAME clients.l.google.com A 172.253.122.101 A 172.253.122.113 A 172.253.122.138 A 172.253.122.100 A 172.253.122.102 A 172.253.122.139"
"171","45.265174","192.168.5.2","192.168.5.143","DNS","225","Standard query response 0x7bea AAAA clients3.google.com CNAME clients.l.google.com AAAA 2607:f8b0:4004:c17::66 AAAA 2607:f8b0:4004:c17::8b AAAA 2607:f8b0:4004:c17::71 AAAA 2607:f8b0:4004:c17::65"
"172","45.265484","192.168.5.143","172.253.122.139","TCP","74","41502  >  80 [SYN] Seq=0 Win=64240 Len=0 MSS=1460 SACK_PERM=1 TSval=210954193 TSecr=0 WS=128"
"173","45.270422","17.253.21.204","192.168.5.143","TCP","60","80  >  34780 [FIN, PSH, ACK] Seq=699 Ack=147 Win=64239 Len=0"
"174","45.270525","192.168.5.143","17.253.21.204","TCP","60","34780  >  80 [ACK] Seq=147 Ack=700 Win=63542 Len=0"
"175","45.284365","172.253.122.139","192.168.5.143","TCP","60","80  >  41502 [SYN, ACK] Seq=0 Ack=1 Win=64240 Len=0 MSS=1460"
"176","45.284453","192.168.5.143","172.253.122.139","TCP","60","41502  >  80 [ACK] Seq=1 Ack=1 Win=64240 Len=0"
"177","45.284507","192.168.5.143","172.253.122.139","HTTP","201","GET /generate_204 HTTP/1.1 "
"178","45.284548","172.253.122.139","192.168.5.143","TCP","60","80  >  41502 [ACK] Seq=1 Ack=148 Win=64240 Len=0"
"179","45.306344","172.253.122.139","192.168.5.143","HTTP","137","HTTP/1.1 204 No Content "
"180","45.306389","192.168.5.143","172.253.122.139","TCP","60","41502  >  80 [ACK] Seq=148 Ack=84 Win=64157 Len=0"
"181","45.306445","192.168.5.143","172.253.122.139","TCP","60","41502  >  80 [FIN, ACK] Seq=148 Ack=84 Win=64157 Len=0"
"182","45.306526","172.253.122.139","192.168.5.143","TCP","60","80  >  41502 [ACK] Seq=84 Ack=149 Win=64239 Len=0"
"183","45.306689","192.168.5.143","192.168.5.2","DNS","83","Standard query 0xa148 A www.msftconnecttest.com"
"184","45.306704","192.168.5.143","192.168.5.2","DNS","83","Standard query 0x354a AAAA www.msftconnecttest.com"
"185","45.307581","192.168.5.2","192.168.5.143","DNS","246","Standard query response 0xa148 A www.msftconnecttest.com CNAME ncsi-geo.trafficmanager.net CNAME v4ncsi.msedge.net CNAME ncsi.4-c-0003.c-msedge.net CNAME 4-c-0003.c-msedge.net A 13.107.4.52"
"186","45.307732","192.168.5.2","192.168.5.143","DNS","230","Standard query response 0x354a AAAA www.msftconnecttest.com CNAME ncsi-geo.trafficmanager.net CNAME v4ncsi.msedge.net CNAME ncsi.4-c-0003.c-msedge.net CNAME 4-c-0003.c-msedge.net"
"187","45.307868","192.168.5.143","13.107.4.52","TCP","74","39518  >  80 [SYN] Seq=0 Win=64240 Len=0 MSS=1460 SACK_PERM=1 TSval=1780655071 TSecr=0 WS=128"
"188","45.315407","13.107.4.52","192.168.5.143","TCP","60","80  >  39518 [SYN, ACK] Seq=0 Ack=1 Win=64240 Len=0 MSS=1460"
"189","45.315478","192.168.5.143","13.107.4.52","TCP","60","39518  >  80 [ACK] Seq=1 Ack=1 Win=64240 Len=0"
"190","45.315530","192.168.5.143","13.107.4.52","HTTP","208","GET /connecttest.txt HTTP/1.1 "
"191","45.315552","13.107.4.52","192.168.5.143","TCP","60","80  >  39518 [ACK] Seq=1 Ack=155 Win=64240 Len=0"
"192","45.321456","172.253.122.139","192.168.5.143","TCP","60","80  >  41502 [FIN, PSH, ACK] Seq=84 Ack=149 Win=64239 Len=0"
"193","45.321629","192.168.5.143","172.253.122.139","TCP","60","41502  >  80 [ACK] Seq=149 Ack=85 Win=64157 Len=0"
"194","45.326370","13.107.4.52","192.168.5.143","HTTP","574","HTTP/1.1 200 OK  (text/plain)"
"195","45.326405","192.168.5.143","13.107.4.52","TCP","60","39518  >  80 [ACK] Seq=155 Ack=521 Win=63784 Len=0"
"196","45.326459","192.168.5.143","13.107.4.52","TCP","60","39518  >  80 [FIN, ACK] Seq=155 Ack=521 Win=63784 Len=0"
"197","45.326495","13.107.4.52","192.168.5.143","TCP","60","80  >  39518 [ACK] Seq=521 Ack=156 Win=64239 Len=0"
"198","45.333436","13.107.4.52","192.168.5.143","TCP","60","80  >  39518 [FIN, PSH, ACK] Seq=521 Ack=156 Win=64239 Len=0"
"199","45.333541","192.168.5.143","13.107.4.52","TCP","60","39518  >  80 [ACK] Seq=156 Ack=522 Win=63784 Len=0"
"200","46.928820","fe80::64a0:a1a1:e927:2934","ff02::1:2","DHCPv6","169","Solicit XID: 0x30b177 CID: 000100012924cdbf000c2976eb9b "
"201","46.958079","192.168.5.143","192.168.5.2","DNS","84","Standard query 0x0bfd A normandy.cdn.mozilla.net"
"202","46.958079","192.168.5.143","192.168.5.2","DNS","84","Standard query 0x1de0 AAAA normandy.cdn.mozilla.net"
"203","46.996373","192.168.5.2","192.168.5.143","DNS","195","Standard query response 0x0bfd A normandy.cdn.mozilla.net CNAME normandy-cdn.services.mozilla.com A 18.67.76.44 A 18.67.76.2 A 18.67.76.19 A 18.67.76.73"
"204","46.996444","192.168.5.2","192.168.5.143","DNS","209","Standard query response 0x1de0 AAAA normandy.cdn.mozilla.net CNAME normandy-cdn.services.mozilla.com SOA ns-679.awsdns-20.net"
"205","46.996908","192.168.5.143","18.67.76.44","TCP","74","44216  >  443 [SYN] Seq=0 Win=64240 Len=0 MSS=1460 SACK_PERM=1 TSval=1564222963 TSecr=0 WS=128"
"206","47.010853","18.67.76.44","192.168.5.143","TCP","60","443  >  44216 [SYN, ACK] Seq=0 Ack=1 Win=64240 Len=0 MSS=1460"
"207","47.010942","192.168.5.143","18.67.76.44","TCP","60","44216  >  443 [ACK] Seq=1 Ack=1 Win=64240 Len=0"
"208","47.012391","192.168.5.143","18.67.76.44","TLSv1.3","571","Client Hello"
"209","47.012437","18.67.76.44","192.168.5.143","TCP","60","443  >  44216 [ACK] Seq=1 Ack=518 Win=64240 Len=0"
"210","47.020799","18.67.76.44","192.168.5.143","TLSv1.3","1514","Server Hello, Change Cipher Spec, Application Data"
"211","47.020799","18.67.76.44","192.168.5.143","TCP","1474","443  >  44216 [PSH, ACK] Seq=1461 Ack=518 Win=64240 Len=1420 [TCP segment of a reassembled PDU]"
"212","47.020886","192.168.5.143","18.67.76.44","TCP","60","44216  >  443 [ACK] Seq=518 Ack=2881 Win=62780 Len=0"
"213","47.021851","18.67.76.44","192.168.5.143","TLSv1.3","1172","Application Data, Application Data, Application Data"
"214","47.021930","192.168.5.143","18.67.76.44","TCP","60","44216  >  443 [ACK] Seq=518 Ack=3999 Win=62780 Len=0"
"215","47.023351","192.168.5.143","18.67.76.44","TLSv1.3","118","Change Cipher Spec, Application Data"
"216","47.023351","18.67.76.44","192.168.5.143","TCP","60","443  >  44216 [ACK] Seq=3999 Ack=582 Win=64240 Len=0"
"217","47.023440","192.168.5.143","18.67.76.44","TLSv1.3","407","Application Data"
"218","47.023440","18.67.76.44","192.168.5.143","TCP","60","443  >  44216 [ACK] Seq=3999 Ack=935 Win=64240 Len=0"
"219","47.036096","18.67.76.44","192.168.5.143","TLSv1.3","200","Application Data"
"220","47.036129","192.168.5.143","18.67.76.44","TCP","60","44216  >  443 [ACK] Seq=935 Ack=4145 Win=62780 Len=0"
"221","47.047022","18.67.76.44","192.168.5.143","TLSv1.3","1480","Application Data"
"222","47.047139","192.168.5.143","18.67.76.44","TCP","60","44216  >  443 [ACK] Seq=935 Ack=5571 Win=62780 Len=0"
"223","47.048771","192.168.5.143","192.168.5.2","DNS","96","Standard query 0x56a3 A classify-client.services.mozilla.com"
"224","47.048789","192.168.5.143","192.168.5.2","DNS","96","Standard query 0x0ea6 AAAA classify-client.services.mozilla.com"
"225","47.068476","192.168.5.2","192.168.5.143","DNS","179","Standard query response 0x56a3 A classify-client.services.mozilla.com CNAME prod-classifyclient.normandy.prod.cloudops.mozgcp.net A 34.98.75.36"
"226","47.068526","192.168.5.2","192.168.5.143","DNS","253","Standard query response 0x0ea6 AAAA classify-client.services.mozilla.com CNAME prod-classifyclient.normandy.prod.cloudops.mozgcp.net SOA ns-cloud-d1.googledomains.com"
"227","47.068908","192.168.5.143","34.98.75.36","TCP","74","51558  >  443 [SYN] Seq=0 Win=64240 Len=0 MSS=1460 SACK_PERM=1 TSval=3147776613 TSecr=0 WS=128"
"228","47.086956","34.98.75.36","192.168.5.143","TCP","60","443  >  51558 [SYN, ACK] Seq=0 Ack=1 Win=64240 Len=0 MSS=1460"
"229","47.087038","192.168.5.143","34.98.75.36","TCP","60","51558  >  443 [ACK] Seq=1 Ack=1 Win=64240 Len=0"
"230","47.088368","192.168.5.143","34.98.75.36","TLSv1.3","571","Client Hello"
"231","47.088466","34.98.75.36","192.168.5.143","TCP","60","443  >  51558 [ACK] Seq=1 Ack=518 Win=64240 Len=0"
"232","47.105423","34.98.75.36","192.168.5.143","TLSv1.3","1484","Server Hello, Change Cipher Spec"
"233","47.105478","34.98.75.36","192.168.5.143","TCP","1514","443  >  51558 [ACK] Seq=1431 Ack=518 Win=64240 Len=1460 [TCP segment of a reassembled PDU]"
"234","47.105478","34.98.75.36","192.168.5.143","TCP","1514","443  >  51558 [ACK] Seq=2891 Ack=518 Win=64240 Len=1460 [TCP segment of a reassembled PDU]"
"235","47.105478","34.98.75.36","192.168.5.143","TLSv1.3","243","Application Data"
"236","47.105526","192.168.5.143","34.98.75.36","TCP","60","51558  >  443 [ACK] Seq=518 Ack=1431 Win=62920 Len=0"
"237","47.105567","192.168.5.143","34.98.75.36","TCP","60","51558  >  443 [ACK] Seq=518 Ack=4540 Win=61320 Len=0"
"238","47.173999","192.168.5.143","192.168.5.2","DNS","74","Standard query 0x5c77 A r3.o.lencr.org"
"239","47.173999","192.168.5.143","192.168.5.2","DNS","74","Standard query 0x5874 AAAA r3.o.lencr.org"
"240","47.253460","192.168.5.2","192.168.5.143","DNS","285","Standard query response 0x5c77 A r3.o.lencr.org CNAME o.lencr.edgesuite.net CNAME a1887.dscq.akamai.net A 23.207.202.52 A 23.207.202.82 A 23.207.202.56 A 23.207.202.73 A 23.207.202.76 A 23.207.202.83 A 23.207.202.75 A 23.207.202.54 A 23.207.202.81"
"241","47.253557","192.168.5.2","192.168.5.143","DNS","197","Standard query response 0x5874 AAAA r3.o.lencr.org CNAME o.lencr.edgesuite.net CNAME a1887.dscq.akamai.net AAAA 2600:1408:10::1703:d30 AAAA 2600:1408:10::1703:d23"
"242","47.254025","192.168.5.143","23.207.202.52","TCP","74","38366  >  80 [SYN] Seq=0 Win=64240 Len=0 MSS=1460 SACK_PERM=1 TSval=834723795 TSecr=0 WS=128"
"243","47.260776","23.207.202.52","192.168.5.143","TCP","60","80  >  38366 [SYN, ACK] Seq=0 Ack=1 Win=64240 Len=0 MSS=1460"
"244","47.260877","192.168.5.143","23.207.202.52","TCP","60","38366  >  80 [ACK] Seq=1 Ack=1 Win=64240 Len=0"
"245","47.261090","192.168.5.143","23.207.202.52","OCSP","467","Request"
"246","47.261090","23.207.202.52","192.168.5.143","TCP","60","80  >  38366 [ACK] Seq=1 Ack=414 Win=64240 Len=0"
"247","47.270720","23.207.202.52","192.168.5.143","OCSP","942","Response"
"248","47.270804","192.168.5.143","23.207.202.52","TCP","60","38366  >  80 [ACK] Seq=414 Ack=889 Win=63936 Len=0"
"249","47.271937","192.168.5.143","34.98.75.36","TLSv1.3","118","Change Cipher Spec, Application Data"
"250","47.271999","34.98.75.36","192.168.5.143","TCP","60","443  >  51558 [ACK] Seq=4540 Ack=582 Win=64240 Len=0"
"251","47.272223","192.168.5.143","34.98.75.36","TLSv1.3","224","Application Data"
"252","47.272223","34.98.75.36","192.168.5.143","TCP","60","443  >  51558 [ACK] Seq=4540 Ack=752 Win=64240 Len=0"
"253","47.272223","192.168.5.143","34.98.75.36","TLSv1.3","309","Application Data"
"254","47.272223","34.98.75.36","192.168.5.143","TCP","60","443  >  51558 [ACK] Seq=4540 Ack=1007 Win=64240 Len=0"
"255","47.286173","34.98.75.36","192.168.5.143","TLSv1.3","640","Application Data, Application Data"
"256","47.286262","192.168.5.143","34.98.75.36","TCP","60","51558  >  443 [ACK] Seq=1007 Ack=5126 Win=62780 Len=0"
"257","47.286587","192.168.5.143","34.98.75.36","TLSv1.3","85","Application Data"
"258","47.286587","34.98.75.36","192.168.5.143","TCP","60","443  >  51558 [ACK] Seq=5126 Ack=1038 Win=64240 Len=0"
"259","47.303288","34.98.75.36","192.168.5.143","TLSv1.3","85","Application Data"
"260","47.303370","192.168.5.143","34.98.75.36","TCP","60","51558  >  443 [ACK] Seq=1038 Ack=5157 Win=62780 Len=0"
"261","47.357213","34.98.75.36","192.168.5.143","TLSv1.3","333","Application Data, Application Data, Application Data"
"262","47.357274","34.98.75.36","192.168.5.143","TLSv1.3","93","Application Data"
"263","47.357296","192.168.5.143","34.98.75.36","TCP","60","51558  >  443 [ACK] Seq=1038 Ack=5436 Win=62780 Len=0"
"264","47.357355","192.168.5.143","34.98.75.36","TCP","60","51558  >  443 [ACK] Seq=1038 Ack=5475 Win=62780 Len=0"
"265","47.357571","192.168.5.143","34.98.75.36","TLSv1.3","93","Application Data"
"266","47.357653","34.98.75.36","192.168.5.143","TCP","60","443  >  51558 [ACK] Seq=5475 Ack=1077 Win=64240 Len=0"
"267","47.418024","192.168.5.143","192.168.5.2","DNS","95","Standard query 0x18a1 A content-signature-2.cdn.mozilla.net"
"268","47.418024","192.168.5.143","192.168.5.2","DNS","95","Standard query 0x685d AAAA content-signature-2.cdn.mozilla.net"
"269","47.455406","192.168.5.2","192.168.5.143","DNS","199","Standard query response 0x18a1 A content-signature-2.cdn.mozilla.net CNAME d2nxq2uap88usk.cloudfront.net A 52.85.151.41 A 52.85.151.115 A 52.85.151.69 A 52.85.151.45"
"270","47.455815","192.168.5.2","192.168.5.143","DNS","359","Standard query response 0x685d AAAA content-signature-2.cdn.mozilla.net CNAME d2nxq2uap88usk.cloudfront.net AAAA 2600:9000:201e:c400:a:da5e:7900:93a1 AAAA 2600:9000:201e:b400:a:da5e:7900:93a1 AAAA 2600:9000:201e:0:a:da5e:7900:93a1 AAAA 2600:9000:201e:ca00:a:da5e:7900:93a1 AAAA 2600:9000:201e:ea00:a:da5e:7900:93a1 AAAA 2600:9000:201e:7600:a:da5e:7900:93a1 AAAA 2600:9000:201e:6400:a:da5e:7900:93a1 AAAA 2600:9000:201e:4400:a:da5e:7900:93a1"
"271","47.456258","192.168.5.143","52.85.151.41","TCP","74","56286  >  443 [SYN] Seq=0 Win=64240 Len=0 MSS=1460 SACK_PERM=1 TSval=2461673152 TSecr=0 WS=128"
"272","47.471238","52.85.151.41","192.168.5.143","TCP","60","443  >  56286 [SYN, ACK] Seq=0 Ack=1 Win=64240 Len=0 MSS=1460"
"273","47.471323","192.168.5.143","52.85.151.41","TCP","60","56286  >  443 [ACK] Seq=1 Ack=1 Win=64240 Len=0"
"274","47.472659","192.168.5.143","52.85.151.41","TLSv1.3","571","Client Hello"
"275","47.472685","52.85.151.41","192.168.5.143","TCP","60","443  >  56286 [ACK] Seq=1 Ack=518 Win=64240 Len=0"
"276","47.480133","52.85.151.41","192.168.5.143","TLSv1.3","1494","Server Hello, Change Cipher Spec, Application Data"
"277","47.480184","52.85.151.41","192.168.5.143","TCP","1494","443  >  56286 [PSH, ACK] Seq=1441 Ack=518 Win=64240 Len=1440 [TCP segment of a reassembled PDU]"
"278","47.480201","192.168.5.143","52.85.151.41","TCP","60","56286  >  443 [ACK] Seq=518 Ack=1441 Win=63360 Len=0"
"279","47.480244","192.168.5.143","52.85.151.41","TCP","60","56286  >  443 [ACK] Seq=518 Ack=2881 Win=63360 Len=0"
"280","47.482340","52.85.151.41","192.168.5.143","TLSv1.3","1181","Application Data, Application Data, Application Data"
"281","47.482400","192.168.5.143","52.85.151.41","TCP","60","56286  >  443 [ACK] Seq=518 Ack=4008 Win=63360 Len=0"
"282","47.483574","192.168.5.143","52.85.151.41","TLSv1.3","118","Change Cipher Spec, Application Data"
"283","47.483631","52.85.151.41","192.168.5.143","TCP","60","443  >  56286 [ACK] Seq=4008 Ack=582 Win=64240 Len=0"
"284","47.483834","192.168.5.143","52.85.151.41","TLSv1.3","224","Application Data"
"285","47.483863","52.85.151.41","192.168.5.143","TCP","60","443  >  56286 [ACK] Seq=4008 Ack=752 Win=64240 Len=0"
"286","47.483863","192.168.5.143","52.85.151.41","TLSv1.3","362","Application Data"
"287","47.483863","52.85.151.41","192.168.5.143","TCP","60","443  >  56286 [ACK] Seq=4008 Ack=1060 Win=64240 Len=0"
"288","47.497189","52.85.151.41","192.168.5.143","TLSv1.3","262","Application Data, Application Data"
"289","47.497290","192.168.5.143","52.85.151.41","TCP","60","56286  >  443 [ACK] Seq=1060 Ack=4216 Win=63360 Len=0"
"290","47.497442","192.168.5.143","52.85.151.41","TLSv1.3","85","Application Data"
"291","47.497487","52.85.151.41","192.168.5.143","TCP","60","443  >  56286 [ACK] Seq=4216 Ack=1091 Win=64240 Len=0"
"292","47.505714","52.85.151.41","192.168.5.143","TLSv1.3","85","Application Data"
"293","47.505809","192.168.5.143","52.85.151.41","TCP","60","56286  >  443 [ACK] Seq=1091 Ack=4247 Win=63360 Len=0"
"294","47.505986","52.85.151.41","192.168.5.143","TCP","1494","443  >  56286 [PSH, ACK] Seq=4247 Ack=1091 Win=64240 Len=1440 [TCP segment of a reassembled PDU]"
"295","47.506076","192.168.5.143","52.85.151.41","TCP","60","56286  >  443 [ACK] Seq=1091 Ack=5687 Win=63360 Len=0"
"296","47.506076","52.85.151.41","192.168.5.143","TCP","1514","443  >  56286 [ACK] Seq=5687 Ack=1091 Win=64240 Len=1460 [TCP segment of a reassembled PDU]"
"297","47.506076","52.85.151.41","192.168.5.143","TCP","1514","443  >  56286 [ACK] Seq=7147 Ack=1091 Win=64240 Len=1460 [TCP segment of a reassembled PDU]"
"298","47.506076","52.85.151.41","192.168.5.143","TLSv1.3","1392","Application Data"
"299","47.506123","192.168.5.143","52.85.151.41","TCP","60","56286  >  443 [ACK] Seq=1091 Ack=9945 Win=61320 Len=0"
"300","47.515901","192.168.5.143","52.85.151.41","TLSv1.3","238","Application Data"
"301","47.515922","52.85.151.41","192.168.5.143","TCP","60","443  >  56286 [ACK] Seq=9945 Ack=1275 Win=64240 Len=0"
"302","47.523831","52.85.151.41","192.168.5.143","TLSv1.3","377","Application Data"
"303","47.531032","192.168.5.143","52.85.151.41","TLSv1.3","188","Application Data"
"304","47.531083","52.85.151.41","192.168.5.143","TCP","60","443  >  56286 [ACK] Seq=10268 Ack=1409 Win=64240 Len=0"
"305","47.540154","52.85.151.41","192.168.5.143","TLSv1.3","378","Application Data"
"306","47.547222","192.168.5.143","52.85.151.41","TLSv1.3","188","Application Data"
"307","47.547256","52.85.151.41","192.168.5.143","TCP","60","443  >  56286 [ACK] Seq=10592 Ack=1543 Win=64240 Len=0"
"308","47.557524","52.85.151.41","192.168.5.143","TLSv1.3","377","Application Data"
"309","47.594494","192.168.5.143","52.85.151.41","TLSv1.3","188","Application Data"
"310","47.594599","52.85.151.41","192.168.5.143","TCP","60","443  >  56286 [ACK] Seq=10915 Ack=1677 Win=64240 Len=0"
"311","47.613115","52.85.151.41","192.168.5.143","TLSv1.3","378","Application Data"
"312","47.653832","192.168.5.143","52.85.151.41","TCP","60","56286  >  443 [ACK] Seq=1677 Ack=11239 Win=62780 Len=0"
"313","47.656118","192.168.5.143","52.85.151.41","TLSv1.3","188","Application Data"
"314","47.656152","52.85.151.41","192.168.5.143","TCP","60","443  >  56286 [ACK] Seq=11239 Ack=1811 Win=64240 Len=0"
"315","47.670173","52.85.151.41","192.168.5.143","TLSv1.3","377","Application Data"
"316","47.670297","192.168.5.143","52.85.151.41","TCP","60","56286  >  443 [ACK] Seq=1811 Ack=11562 Win=62780 Len=0"
"317","47.759868","192.168.5.143","52.85.151.41","TLSv1.3","188","Application Data"
"318","47.759955","52.85.151.41","192.168.5.143","TCP","60","443  >  56286 [ACK] Seq=11562 Ack=1945 Win=64240 Len=0"
"319","47.768642","52.85.151.41","192.168.5.143","TLSv1.3","377","Application Data"
"320","47.768752","192.168.5.143","52.85.151.41","TCP","60","56286  >  443 [ACK] Seq=1945 Ack=11885 Win=62780 Len=0"
"321","47.795493","192.168.5.143","52.85.151.41","TLSv1.3","188","Application Data"
"322","47.795592","52.85.151.41","192.168.5.143","TCP","60","443  >  56286 [ACK] Seq=11885 Ack=2079 Win=64240 Len=0"
"323","47.804567","52.85.151.41","192.168.5.143","TLSv1.3","376","Application Data"
"324","47.804726","192.168.5.143","52.85.151.41","TCP","60","56286  >  443 [ACK] Seq=2079 Ack=12207 Win=62780 Len=0"
"325","47.833858","192.168.5.143","52.85.151.41","TLSv1.3","188","Application Data"
"326","47.833922","52.85.151.41","192.168.5.143","TCP","60","443  >  56286 [ACK] Seq=12207 Ack=2213 Win=64240 Len=0"
"327","47.842681","52.85.151.41","192.168.5.143","TLSv1.3","378","Application Data"
"328","47.842844","192.168.5.143","52.85.151.41","TCP","60","56286  >  443 [ACK] Seq=2213 Ack=12531 Win=62780 Len=0"
"329","47.872690","192.168.5.143","52.85.151.41","TLSv1.3","188","Application Data"
"330","47.872718","52.85.151.41","192.168.5.143","TCP","60","443  >  56286 [ACK] Seq=12531 Ack=2347 Win=64240 Len=0"
"331","47.884605","52.85.151.41","192.168.5.143","TLSv1.3","378","Application Data"
"332","47.918198","192.168.5.143","52.85.151.41","TLSv1.3","188","Application Data"
"333","47.918288","52.85.151.41","192.168.5.143","TCP","60","443  >  56286 [ACK] Seq=12855 Ack=2481 Win=64240 Len=0"
"334","47.928554","52.85.151.41","192.168.5.143","TLSv1.3","377","Application Data"
"335","47.968921","192.168.5.143","52.85.151.41","TLSv1.3","188","Application Data"
"336","47.968945","52.85.151.41","192.168.5.143","TCP","60","443  >  56286 [ACK] Seq=13178 Ack=2615 Win=64240 Len=0"
"337","47.981869","52.85.151.41","192.168.5.143","TLSv1.3","377","Application Data"
"338","48.023352","192.168.5.143","52.85.151.41","TLSv1.3","188","Application Data"
"339","48.023441","52.85.151.41","192.168.5.143","TCP","60","443  >  56286 [ACK] Seq=13501 Ack=2749 Win=64240 Len=0"
"340","48.033967","52.85.151.41","192.168.5.143","TLSv1.3","377","Application Data"
"341","48.052992","192.168.5.143","52.85.151.41","TLSv1.3","188","Application Data"
"342","48.053023","52.85.151.41","192.168.5.143","TCP","60","443  >  56286 [ACK] Seq=13824 Ack=2883 Win=64240 Len=0"
"343","48.061234","52.85.151.41","192.168.5.143","TLSv1.3","377","Application Data"
"344","48.102035","192.168.5.143","52.85.151.41","TCP","60","56286  >  443 [ACK] Seq=2883 Ack=14147 Win=62780 Len=0"
"345","48.140512","192.168.5.143","52.85.151.41","TLSv1.3","188","Application Data"
"346","48.140592","52.85.151.41","192.168.5.143","TCP","60","443  >  56286 [ACK] Seq=14147 Ack=3017 Win=64240 Len=0"
"347","48.151190","52.85.151.41","192.168.5.143","TLSv1.3","378","Application Data"
"348","48.151316","192.168.5.143","52.85.151.41","TCP","60","56286  >  443 [ACK] Seq=3017 Ack=14471 Win=62780 Len=0"
"349","48.199595","192.168.5.143","52.85.151.41","TLSv1.3","188","Application Data"
"350","48.199662","52.85.151.41","192.168.5.143","TCP","60","443  >  56286 [ACK] Seq=14471 Ack=3151 Win=64240 Len=0"
"351","48.227548","52.85.151.41","192.168.5.143","TLSv1.3","377","Application Data"
"352","48.227696","192.168.5.143","52.85.151.41","TCP","60","56286  >  443 [ACK] Seq=3151 Ack=14794 Win=62780 Len=0"
"353","48.261101","192.168.5.143","52.85.151.41","TLSv1.3","188","Application Data"
"354","48.261177","52.85.151.41","192.168.5.143","TCP","60","443  >  56286 [ACK] Seq=14794 Ack=3285 Win=64240 Len=0"
"355","48.277489","52.85.151.41","192.168.5.143","TLSv1.3","376","Application Data"
"356","48.277679","192.168.5.143","52.85.151.41","TCP","60","56286  >  443 [ACK] Seq=3285 Ack=15116 Win=62780 Len=0"
"357","48.312547","192.168.5.143","52.85.151.41","TLSv1.3","188","Application Data"
"358","48.312640","52.85.151.41","192.168.5.143","TCP","60","443  >  56286 [ACK] Seq=15116 Ack=3419 Win=64240 Len=0"
"359","48.326924","52.85.151.41","192.168.5.143","TLSv1.3","378","Application Data"
"360","48.327052","192.168.5.143","52.85.151.41","TCP","60","56286  >  443 [ACK] Seq=3419 Ack=15440 Win=62780 Len=0"
"361","48.383902","192.168.5.143","52.85.151.41","TLSv1.3","188","Application Data"
"362","48.383946","52.85.151.41","192.168.5.143","TCP","60","443  >  56286 [ACK] Seq=15440 Ack=3553 Win=64240 Len=0"
"363","48.397406","52.85.151.41","192.168.5.143","TLSv1.3","378","Application Data"
"364","48.397549","192.168.5.143","52.85.151.41","TCP","60","56286  >  443 [ACK] Seq=3553 Ack=15764 Win=62780 Len=0"
"365","48.421658","192.168.5.143","52.85.151.41","TLSv1.3","188","Application Data"
"366","48.421746","52.85.151.41","192.168.5.143","TCP","60","443  >  56286 [ACK] Seq=15764 Ack=3687 Win=64240 Len=0"
"367","48.434420","52.85.151.41","192.168.5.143","TLSv1.3","377","Application Data"
"368","48.452807","192.168.5.143","52.85.151.41","TLSv1.3","188","Application Data"
"369","48.452965","52.85.151.41","192.168.5.143","TCP","60","443  >  56286 [ACK] Seq=16087 Ack=3821 Win=64240 Len=0"
"370","48.462401","52.85.151.41","192.168.5.143","TLSv1.3","377","Application Data"
"371","48.469768","192.168.5.143","52.85.151.41","TLSv1.3","188","Application Data"
"372","48.469796","52.85.151.41","192.168.5.143","TCP","60","443  >  56286 [ACK] Seq=16410 Ack=3955 Win=64240 Len=0"
"373","48.479510","52.85.151.41","192.168.5.143","TLSv1.3","377","Application Data"
"374","48.522271","192.168.5.143","52.85.151.41","TCP","60","56286  >  443 [ACK] Seq=3955 Ack=16733 Win=62780 Len=0"
"375","48.523546","192.168.5.143","52.85.151.41","TLSv1.3","188","Application Data"
"376","48.523611","52.85.151.41","192.168.5.143","TCP","60","443  >  56286 [ACK] Seq=16733 Ack=4089 Win=64240 Len=0"
"377","48.534292","52.85.151.41","192.168.5.143","TLSv1.3","376","Application Data"
"378","48.534378","192.168.5.143","52.85.151.41","TCP","60","56286  >  443 [ACK] Seq=4089 Ack=17055 Win=62780 Len=0"
"379","48.587164","192.168.5.143","52.85.151.41","TLSv1.3","188","Application Data"
"380","48.587200","52.85.151.41","192.168.5.143","TCP","60","443  >  56286 [ACK] Seq=17055 Ack=4223 Win=64240 Len=0"
"381","48.598350","52.85.151.41","192.168.5.143","TLSv1.3","378","Application Data"
"382","48.598481","192.168.5.143","52.85.151.41","TCP","60","56286  >  443 [ACK] Seq=4223 Ack=17379 Win=62780 Len=0"
"383","48.628498","192.168.5.143","52.85.151.41","TLSv1.3","188","Application Data"
"384","48.628615","52.85.151.41","192.168.5.143","TCP","60","443  >  56286 [ACK] Seq=17379 Ack=4357 Win=64240 Len=0"
"385","48.637159","52.85.151.41","192.168.5.143","TLSv1.3","377","Application Data"
"386","48.637300","192.168.5.143","52.85.151.41","TCP","60","56286  >  443 [ACK] Seq=4357 Ack=17702 Win=62780 Len=0"
"387","48.676318","192.168.5.143","52.85.151.41","TLSv1.3","188","Application Data"
"388","48.676355","52.85.151.41","192.168.5.143","TCP","60","443  >  56286 [ACK] Seq=17702 Ack=4491 Win=64240 Len=0"
"389","48.682336","52.85.151.41","192.168.5.143","TLSv1.3","378","Application Data"
"390","48.682434","192.168.5.143","52.85.151.41","TCP","60","56286  >  443 [ACK] Seq=4491 Ack=18026 Win=62780 Len=0"
"391","48.777207","192.168.5.143","52.85.151.41","TLSv1.3","188","Application Data"
"392","48.777207","52.85.151.41","192.168.5.143","TCP","60","443  >  56286 [ACK] Seq=18026 Ack=4625 Win=64240 Len=0"
"393","48.777207","52.85.151.41","192.168.5.143","TLSv1.3","377","Application Data"
"394","48.806218","192.168.5.143","52.85.151.41","TCP","60","56286  >  443 [ACK] Seq=4625 Ack=18349 Win=62780 Len=0"
"395","48.807476","192.168.5.143","52.85.151.41","TLSv1.3","188","Application Data"
"396","48.807518","52.85.151.41","192.168.5.143","TCP","60","443  >  56286 [ACK] Seq=18349 Ack=4759 Win=64240 Len=0"
"397","48.816047","52.85.151.41","192.168.5.143","TLSv1.3","377","Application Data"
"398","48.816210","192.168.5.143","52.85.151.41","TCP","60","56286  >  443 [ACK] Seq=4759 Ack=18672 Win=62780 Len=0"
"399","48.828939","192.168.5.143","52.85.151.41","TLSv1.3","188","Application Data"
"400","48.828981","52.85.151.41","192.168.5.143","TCP","60","443  >  56286 [ACK] Seq=18672 Ack=4893 Win=64240 Len=0"
"401","48.837397","52.85.151.41","192.168.5.143","TLSv1.3","379","Application Data"
"402","48.837483","192.168.5.143","52.85.151.41","TCP","60","56286  >  443 [ACK] Seq=4893 Ack=18997 Win=62780 Len=0"
"403","48.892068","192.168.5.143","52.85.151.41","TLSv1.3","188","Application Data"
"404","48.892150","52.85.151.41","192.168.5.143","TCP","60","443  >  56286 [ACK] Seq=18997 Ack=5027 Win=64240 Len=0"
"405","48.905742","52.85.151.41","192.168.5.143","TLSv1.3","377","Application Data"
"406","48.905841","192.168.5.143","52.85.151.41","TCP","60","56286  >  443 [ACK] Seq=5027 Ack=19320 Win=62780 Len=0"
"407","48.948152","192.168.5.143","52.85.151.41","TLSv1.3","188","Application Data"
"408","48.948178","52.85.151.41","192.168.5.143","TCP","60","443  >  56286 [ACK] Seq=19320 Ack=5161 Win=64240 Len=0"
"409","48.957990","52.85.151.41","192.168.5.143","TLSv1.3","377","Application Data"
"410","48.958148","192.168.5.143","52.85.151.41","TCP","60","56286  >  443 [ACK] Seq=5161 Ack=19643 Win=62780 Len=0"
"411","49.077280","192.168.5.143","52.85.151.41","TLSv1.3","188","Application Data"
"412","49.077397","52.85.151.41","192.168.5.143","TCP","60","443  >  56286 [ACK] Seq=19643 Ack=5295 Win=64240 Len=0"
"413","49.091210","52.85.151.41","192.168.5.143","TLSv1.3","377","Application Data"
"414","49.091367","192.168.5.143","52.85.151.41","TCP","60","56286  >  443 [ACK] Seq=5295 Ack=19966 Win=62780 Len=0"
"415","49.110911","192.168.5.143","52.85.151.41","TLSv1.3","188","Application Data"
"416","49.110959","52.85.151.41","192.168.5.143","TCP","60","443  >  56286 [ACK] Seq=19966 Ack=5429 Win=64240 Len=0"
"417","49.126602","52.85.151.41","192.168.5.143","TLSv1.3","378","Application Data"
"418","49.126686","192.168.5.143","52.85.151.41","TCP","60","56286  >  443 [ACK] Seq=5429 Ack=20290 Win=62780 Len=0"
"419","49.209931","192.168.5.143","52.85.151.41","TLSv1.3","188","Application Data"
"420","49.209981","52.85.151.41","192.168.5.143","TCP","60","443  >  56286 [ACK] Seq=20290 Ack=5563 Win=64240 Len=0"
"421","49.218971","52.85.151.41","192.168.5.143","TLSv1.3","377","Application Data"
"422","49.219068","192.168.5.143","52.85.151.41","TCP","60","56286  >  443 [ACK] Seq=5563 Ack=20613 Win=62780 Len=0"
"423","49.238123","192.168.5.143","52.85.151.41","TLSv1.3","188","Application Data"
"424","49.238186","52.85.151.41","192.168.5.143","TCP","60","443  >  56286 [ACK] Seq=20613 Ack=5697 Win=64240 Len=0"
"425","49.244588","52.85.151.41","192.168.5.143","TLSv1.3","376","Application Data"
"426","49.269160","192.168.5.143","52.85.151.41","TLSv1.3","188","Application Data"
"427","49.269195","52.85.151.41","192.168.5.143","TCP","60","443  >  56286 [ACK] Seq=20935 Ack=5831 Win=64240 Len=0"
"428","49.280045","52.85.151.41","192.168.5.143","TLSv1.3","377","Application Data"
"429","49.322158","192.168.5.143","52.85.151.41","TCP","60","56286  >  443 [ACK] Seq=5831 Ack=21258 Win=62780 Len=0"
"430","49.331143","192.168.5.143","52.85.151.41","TLSv1.3","188","Application Data"
"431","49.331220","52.85.151.41","192.168.5.143","TCP","60","443  >  56286 [ACK] Seq=21258 Ack=5965 Win=64240 Len=0"
"432","49.341296","52.85.151.41","192.168.5.143","TLSv1.3","378","Application Data"
"433","49.341429","192.168.5.143","52.85.151.41","TCP","60","56286  >  443 [ACK] Seq=5965 Ack=21582 Win=62780 Len=0"
"434","49.390370","192.168.5.143","52.85.151.41","TLSv1.3","188","Application Data"
"435","49.390432","52.85.151.41","192.168.5.143","TCP","60","443  >  56286 [ACK] Seq=21582 Ack=6099 Win=64240 Len=0"
"436","49.401908","52.85.151.41","192.168.5.143","TLSv1.3","377","Application Data"
"437","49.402025","192.168.5.143","52.85.151.41","TCP","60","56286  >  443 [ACK] Seq=6099 Ack=21905 Win=62780 Len=0"
"438","49.435204","192.168.5.143","52.85.151.41","TLSv1.3","188","Application Data"
"439","49.435270","52.85.151.41","192.168.5.143","TCP","60","443  >  56286 [ACK] Seq=21905 Ack=6233 Win=64240 Len=0"
"440","49.447575","52.85.151.41","192.168.5.143","TLSv1.3","376","Application Data"
"441","49.447730","192.168.5.143","52.85.151.41","TCP","60","56286  >  443 [ACK] Seq=6233 Ack=22227 Win=62780 Len=0"
"442","49.472450","192.168.5.143","52.85.151.41","TLSv1.3","188","Application Data"
"443","49.472498","52.85.151.41","192.168.5.143","TCP","60","443  >  56286 [ACK] Seq=22227 Ack=6367 Win=64240 Len=0"
"444","49.484984","52.85.151.41","192.168.5.143","TLSv1.3","377","Application Data"
"445","49.485103","192.168.5.143","52.85.151.41","TCP","60","56286  >  443 [ACK] Seq=6367 Ack=22550 Win=62780 Len=0"
"446","49.553622","192.168.5.143","52.85.151.41","TLSv1.3","188","Application Data"
"447","49.553673","52.85.151.41","192.168.5.143","TCP","60","443  >  56286 [ACK] Seq=22550 Ack=6501 Win=64240 Len=0"
"448","49.564601","52.85.151.41","192.168.5.143","TLSv1.3","377","Application Data"
"449","49.564796","192.168.5.143","52.85.151.41","TCP","60","56286  >  443 [ACK] Seq=6501 Ack=22873 Win=62780 Len=0"
"450","49.644788","192.168.5.143","52.85.151.41","TLSv1.3","188","Application Data"
"451","49.644861","52.85.151.41","192.168.5.143","TCP","60","443  >  56286 [ACK] Seq=22873 Ack=6635 Win=64240 Len=0"
"452","49.659123","52.85.151.41","192.168.5.143","TLSv1.3","377","Application Data"
"453","49.659222","192.168.5.143","52.85.151.41","TCP","60","56286  >  443 [ACK] Seq=6635 Ack=23196 Win=62780 Len=0"
"454","49.746824","192.168.5.143","52.85.151.41","TLSv1.3","188","Application Data"
"455","49.746859","52.85.151.41","192.168.5.143","TCP","60","443  >  56286 [ACK] Seq=23196 Ack=6769 Win=64240 Len=0"
"456","49.760315","52.85.151.41","192.168.5.143","TLSv1.3","377","Application Data"
"457","49.760436","192.168.5.143","52.85.151.41","TCP","60","56286  >  443 [ACK] Seq=6769 Ack=23519 Win=62780 Len=0"
"458","50.935178","fe80::64a0:a1a1:e927:2934","ff02::1:2","DHCPv6","169","Solicit XID: 0x30b177 CID: 000100012924cdbf000c2976eb9b "
"459","53.092682","10.0.0.6","192.168.5.143","TCP","60","443  >  51214 [RST, ACK] Seq=1 Ack=1 Win=64240 Len=0"
"460","57.054017","192.168.5.143","18.67.76.44","TCP","60","[TCP Keep-Alive] 44216  >  443 [ACK] Seq=934 Ack=5571 Win=62780 Len=0"
"461","57.310008","192.168.5.143","23.207.202.52","TCP","60","[TCP Keep-Alive] 38366  >  80 [ACK] Seq=413 Ack=889 Win=63936 Len=0"
"462","57.591550","VMware_76:eb:9b","Broadcast","ARP","42","Who has 192.168.5.143? Tell 192.168.5.140"
"463","57.591725","VMware_c5:0f:d0","VMware_76:eb:9b","ARP","60","192.168.5.143 is at 00:0c:29:c5:0f:d0"
"464","57.591751","192.168.5.140","192.168.5.143","TCP","66","49306  >  80 [SYN, ECN, CWR] Seq=0 Win=8192 Len=0 MSS=1460 WS=256 SACK_PERM=1"
"465","57.591922","192.168.5.143","192.168.5.140","TCP","66","80  >  49306 [SYN, ACK] Seq=0 Ack=1 Win=64240 Len=0 MSS=1460 SACK_PERM=1 WS=128"
"466","57.591966","192.168.5.140","192.168.5.143","TCP","54","49306  >  80 [ACK] Seq=1 Ack=1 Win=65536 Len=0"
"467","57.592113","192.168.5.140","192.168.5.143","HTTP","294","GET /en-us/docs.html HTTP/1.1 "
"468","57.592225","192.168.5.143","192.168.5.140","TCP","60","80  >  49306 [ACK] Seq=1 Ack=241 Win=64128 Len=0"
"469","57.593832","192.168.5.143","192.168.5.140","HTTP","366","HTTP/1.1 200 OK  (text/plain)"
"470","57.645439","192.168.5.140","192.168.5.143","TCP","326","49306  >  80 [PSH, ACK] Seq=241 Ack=313 Win=65280 Len=272 [TCP segment of a reassembled PDU]"
"471","57.645639","192.168.5.143","192.168.5.140","TCP","60","80  >  49306 [ACK] Seq=313 Ack=513 Win=64128 Len=0"
"472","57.646491","192.168.5.143","192.168.5.140","HTTP","79","HTTP/1.1 100 Continue "
"473","57.646660","192.168.5.140","192.168.5.143","HTTP","1090","POST /en-us/index.html HTTP/1.1 "
"474","57.646781","192.168.5.143","192.168.5.140","TCP","60","80  >  49306 [ACK] Seq=338 Ack=1549 Win=64128 Len=0"
"475","58.077941","192.168.5.143","18.67.76.44","TCP","60","[TCP Keep-Alive] 44216  >  443 [ACK] Seq=934 Ack=5571 Win=62780 Len=0"
"476","58.077941","18.67.76.44","192.168.5.143","TCP","60","[TCP Keep-Alive ACK] 443  >  44216 [ACK] Seq=5571 Ack=935 Win=64240 Len=0"
"477","58.313579","192.168.5.143","192.168.5.140","HTTP","1051","HTTP/1.1 200 OK  (text/plain)"
"478","58.333753","192.168.5.143","23.207.202.52","TCP","60","[TCP Keep-Alive] 38366  >  80 [ACK] Seq=413 Ack=889 Win=63936 Len=0"
"479","58.333782","23.207.202.52","192.168.5.143","TCP","60","[TCP Keep-Alive ACK] 80  >  38366 [ACK] Seq=889 Ack=414 Win=64240 Len=0"
"480","58.358499","192.168.5.140","192.168.5.143","TCP","324","49306  >  80 [PSH, ACK] Seq=1549 Ack=1335 Win=64256 Len=270 [TCP segment of a reassembled PDU]"
"481","58.358669","192.168.5.143","192.168.5.140","TCP","60","80  >  49306 [ACK] Seq=1335 Ack=1819 Win=64128 Len=0"
"482","58.359668","192.168.5.143","192.168.5.140","HTTP","79","HTTP/1.1 100 Continue "
"483","58.359789","192.168.5.140","192.168.5.143","HTTP","370","POST /en-us/docs.html HTTP/1.1 "
"484","58.359914","192.168.5.143","192.168.5.140","TCP","60","80  >  49306 [ACK] Seq=1360 Ack=2135 Win=64128 Len=0"
"485","58.524634","192.168.5.143","192.168.5.140","TCP","594","80  >  49306 [PSH, ACK] Seq=1360 Ack=2135 Win=64128 Len=540 [TCP segment of a reassembled PDU]"
"486","58.524699","192.168.5.143","192.168.5.140","HTTP","60","HTTP/1.1 200 OK  (text/plain)"
"487","58.524718","192.168.5.140","192.168.5.143","TCP","54","49306  >  80 [ACK] Seq=2135 Ack=1905 Win=65536 Len=0"
"488","58.525225","192.168.5.140","192.168.5.143","TCP","324","49306  >  80 [PSH, ACK] Seq=2135 Ack=1905 Win=65536 Len=270 [TCP segment of a reassembled PDU]"
"489","58.525329","192.168.5.143","192.168.5.140","TCP","60","80  >  49306 [ACK] Seq=1905 Ack=2405 Win=64128 Len=0"
"490","58.526135","192.168.5.143","192.168.5.140","HTTP","79","HTTP/1.1 100 Continue "
"491","58.526196","192.168.5.140","192.168.5.143","HTTP","370","POST /en-us/docs.html HTTP/1.1 "
"492","58.526295","192.168.5.143","192.168.5.140","TCP","60","80  >  49306 [ACK] Seq=1930 Ack=2721 Win=64128 Len=0"
"493","58.936390","fe80::64a0:a1a1:e927:2934","ff02::1:2","DHCPv6","169","Solicit XID: 0x30b177 CID: 000100012924cdbf000c2976eb9b "
"494","59.263804","192.168.5.143","192.168.5.140","TCP","1514","80  >  49306 [ACK] Seq=1930 Ack=2721 Win=64128 Len=1460 [TCP segment of a reassembled PDU]"
"495","59.263804","192.168.5.143","192.168.5.140","TCP","1514","80  >  49306 [PSH, ACK] Seq=3390 Ack=2721 Win=64128 Len=1460 [TCP segment of a reassembled PDU]"
"496","59.263804","192.168.5.143","192.168.5.140","TCP","1514","80  >  49306 [ACK] Seq=4850 Ack=2721 Win=64128 Len=1460 [TCP segment of a reassembled PDU]"
"497","59.263804","192.168.5.143","192.168.5.140","TCP","1514","80  >  49306 [PSH, ACK] Seq=6310 Ack=2721 Win=64128 Len=1460 [TCP segment of a reassembled PDU]"
"498","59.263804","192.168.5.143","192.168.5.140","TCP","1514","80  >  49306 [ACK] Seq=7770 Ack=2721 Win=64128 Len=1460 [TCP segment of a reassembled PDU]"
"499","59.263804","192.168.5.143","192.168.5.140","TCP","1514","80  >  49306 [PSH, ACK] Seq=9230 Ack=2721 Win=64128 Len=1460 [TCP segment of a reassembled PDU]"
"500","59.263804","192.168.5.143","192.168.5.140","TCP","1514","80  >  49306 [ACK] Seq=10690 Ack=2721 Win=64128 Len=1460 [TCP segment of a reassembled PDU]"
"501","59.263804","192.168.5.143","192.168.5.140","TCP","1514","80  >  49306 [PSH, ACK] Seq=12150 Ack=2721 Win=64128 Len=1460 [TCP segment of a reassembled PDU]"
"502","59.263905","192.168.5.140","192.168.5.143","TCP","54","49306  >  80 [ACK] Seq=2721 Ack=13610 Win=65536 Len=0"
"503","59.263964","192.168.5.143","192.168.5.140","TCP","1514","80  >  49306 [ACK] Seq=13610 Ack=2721 Win=64128 Len=1460 [TCP segment of a reassembled PDU]"
"504","59.263964","192.168.5.143","192.168.5.140","TCP","1514","80  >  49306 [PSH, ACK] Seq=15070 Ack=2721 Win=64128 Len=1460 [TCP segment of a reassembled PDU]"
"505","59.263978","192.168.5.140","192.168.5.143","TCP","54","49306  >  80 [ACK] Seq=2721 Ack=16530 Win=65536 Len=0"
"506","59.264091","192.168.5.143","192.168.5.140","TCP","1514","80  >  49306 [ACK] Seq=16530 Ack=2721 Win=64128 Len=1460 [TCP segment of a reassembled PDU]"
"507","59.264091","192.168.5.143","192.168.5.140","TCP","1514","80  >  49306 [ACK] Seq=17990 Ack=2721 Win=64128 Len=1460 [TCP segment of a reassembled PDU]"
"508","59.264091","192.168.5.143","192.168.5.140","TCP","1514","80  >  49306 [ACK] Seq=19450 Ack=2721 Win=64128 Len=1460 [TCP segment of a reassembled PDU]"
"509","59.264091","192.168.5.143","192.168.5.140","TCP","1514","80  >  49306 [ACK] Seq=20910 Ack=2721 Win=64128 Len=1460 [TCP segment of a reassembled PDU]"
"510","59.264091","192.168.5.143","192.168.5.140","TCP","1514","80  >  49306 [PSH, ACK] Seq=22370 Ack=2721 Win=64128 Len=1460 [TCP segment of a reassembled PDU]"
"511","59.264091","192.168.5.143","192.168.5.140","TCP","1514","80  >  49306 [ACK] Seq=23830 Ack=2721 Win=64128 Len=1460 [TCP segment of a reassembled PDU]"
"512","59.264091","192.168.5.143","192.168.5.140","TCP","1514","80  >  49306 [ACK] Seq=25290 Ack=2721 Win=64128 Len=1460 [TCP segment of a reassembled PDU]"
"513","59.264091","192.168.5.143","192.168.5.140","TCP","1514","80  >  49306 [ACK] Seq=26750 Ack=2721 Win=64128 Len=1460 [TCP segment of a reassembled PDU]"
"514","59.264091","192.168.5.143","192.168.5.140","TCP","1514","80  >  49306 [ACK] Seq=28210 Ack=2721 Win=64128 Len=1460 [TCP segment of a reassembled PDU]"
"515","59.264091","192.168.5.143","192.168.5.140","TCP","1514","80  >  49306 [PSH, ACK] Seq=29670 Ack=2721 Win=64128 Len=1460 [TCP segment of a reassembled PDU]"
"516","59.264190","192.168.5.140","192.168.5.143","TCP","54","49306  >  80 [ACK] Seq=2721 Ack=31130 Win=65536 Len=0"
"517","59.264240","192.168.5.143","192.168.5.140","TCP","1514","80  >  49306 [ACK] Seq=31130 Ack=2721 Win=64128 Len=1460 [TCP segment of a reassembled PDU]"
"518","59.264240","192.168.5.143","192.168.5.140","TCP","1514","80  >  49306 [ACK] Seq=32590 Ack=2721 Win=64128 Len=1460 [TCP segment of a reassembled PDU]"
"519","59.264240","192.168.5.143","192.168.5.140","TCP","1514","80  >  49306 [ACK] Seq=34050 Ack=2721 Win=64128 Len=1460 [TCP segment of a reassembled PDU]"
"520","59.264240","192.168.5.143","192.168.5.140","TCP","1514","80  >  49306 [ACK] Seq=35510 Ack=2721 Win=64128 Len=1460 [TCP segment of a reassembled PDU]"
"521","59.264240","192.168.5.143","192.168.5.140","TCP","1514","80  >  49306 [PSH, ACK] Seq=36970 Ack=2721 Win=64128 Len=1460 [TCP segment of a reassembled PDU]"
"522","59.264240","192.168.5.143","192.168.5.140","TCP","1514","80  >  49306 [ACK] Seq=38430 Ack=2721 Win=64128 Len=1460 [TCP segment of a reassembled PDU]"
"523","59.264240","192.168.5.143","192.168.5.140","TCP","1514","80  >  49306 [ACK] Seq=39890 Ack=2721 Win=64128 Len=1460 [TCP segment of a reassembled PDU]"
"524","59.264240","192.168.5.143","192.168.5.140","TCP","1514","80  >  49306 [ACK] Seq=41350 Ack=2721 Win=64128 Len=1460 [TCP segment of a reassembled PDU]"
"525","59.264240","192.168.5.143","192.168.5.140","TCP","1514","80  >  49306 [ACK] Seq=42810 Ack=2721 Win=64128 Len=1460 [TCP segment of a reassembled PDU]"
"526","59.264240","192.168.5.143","192.168.5.140","TCP","1514","80  >  49306 [PSH, ACK] Seq=44270 Ack=2721 Win=64128 Len=1460 [TCP segment of a reassembled PDU]"
"527","59.264294","192.168.5.140","192.168.5.143","TCP","54","49306  >  80 [ACK] Seq=2721 Ack=45730 Win=65536 Len=0"
"528","59.264373","192.168.5.143","192.168.5.140","TCP","1514","80  >  49306 [ACK] Seq=45730 Ack=2721 Win=64128 Len=1460 [TCP segment of a reassembled PDU]"
"529","59.264373","192.168.5.143","192.168.5.140","TCP","1514","80  >  49306 [PSH, ACK] Seq=47190 Ack=2721 Win=64128 Len=1460 [TCP segment of a reassembled PDU]"
"530","59.264373","192.168.5.143","192.168.5.140","TCP","1514","80  >  49306 [ACK] Seq=48650 Ack=2721 Win=64128 Len=1460 [TCP segment of a reassembled PDU]"
"531","59.264373","192.168.5.143","192.168.5.140","TCP","1514","80  >  49306 [ACK] Seq=50110 Ack=2721 Win=64128 Len=1460 [TCP segment of a reassembled PDU]"
"532","59.264373","192.168.5.143","192.168.5.140","TCP","1514","80  >  49306 [ACK] Seq=51570 Ack=2721 Win=64128 Len=1460 [TCP segment of a reassembled PDU]"
"533","59.264373","192.168.5.143","192.168.5.140","TCP","1514","80  >  49306 [ACK] Seq=53030 Ack=2721 Win=64128 Len=1460 [TCP segment of a reassembled PDU]"
"534","59.264373","192.168.5.143","192.168.5.140","TCP","1514","80  >  49306 [ACK] Seq=54490 Ack=2721 Win=64128 Len=1460 [TCP segment of a reassembled PDU]"
"535","59.264373","192.168.5.143","192.168.5.140","TCP","1514","80  >  49306 [ACK] Seq=55950 Ack=2721 Win=64128 Len=1460 [TCP segment of a reassembled PDU]"
"536","59.264373","192.168.5.143","192.168.5.140","TCP","1514","80  >  49306 [ACK] Seq=57410 Ack=2721 Win=64128 Len=1460 [TCP segment of a reassembled PDU]"
"537","59.264373","192.168.5.143","192.168.5.140","TCP","1514","80  >  49306 [ACK] Seq=58870 Ack=2721 Win=64128 Len=1460 [TCP segment of a reassembled PDU]"
"538","59.264373","192.168.5.143","192.168.5.140","TCP","1514","80  >  49306 [ACK] Seq=60330 Ack=2721 Win=64128 Len=1460 [TCP segment of a reassembled PDU]"
"539","59.264373","192.168.5.143","192.168.5.140","TCP","1514","80  >  49306 [ACK] Seq=61790 Ack=2721 Win=64128 Len=1460 [TCP segment of a reassembled PDU]"
"540","59.264373","192.168.5.143","192.168.5.140","HTTP","1276","HTTP/1.1 200 OK  (text/plain)"
"541","59.264437","192.168.5.140","192.168.5.143","TCP","54","49306  >  80 [ACK] Seq=2721 Ack=64472 Win=65536 Len=0"
"542","59.340160","192.168.5.140","192.168.5.143","HTTP","270","GET /en-us/test.html HTTP/1.1 "
"543","59.340368","192.168.5.143","192.168.5.140","TCP","60","80  >  49306 [ACK] Seq=64472 Ack=2937 Win=64128 Len=0"
"544","59.341494","192.168.5.143","192.168.5.140","HTTP","366","HTTP/1.1 200 OK  (text/plain)"
"545","59.347590","192.168.5.140","192.168.5.143","TCP","325","49306  >  80 [PSH, ACK] Seq=2937 Ack=64784 Win=65280 Len=271 [TCP segment of a reassembled PDU]"
"546","59.348600","192.168.5.143","192.168.5.140","HTTP","79","HTTP/1.1 100 Continue "
"547","59.348676","192.168.5.140","192.168.5.143","HTTP","850","POST /en-us/index.html HTTP/1.1 "
"548","59.389657","192.168.5.143","192.168.5.140","TCP","60","80  >  49306 [ACK] Seq=64809 Ack=4004 Win=64128 Len=0"
"549","59.753145","192.168.5.143","192.168.5.140","HTTP","711","HTTP/1.1 200 OK  (text/plain)"
"550","59.760644","192.168.5.140","192.168.5.143","TCP","324","49306  >  80 [PSH, ACK] Seq=4004 Ack=65466 Win=64512 Len=270 [TCP segment of a reassembled PDU]"
"551","59.760858","192.168.5.143","192.168.5.140","TCP","60","80  >  49306 [ACK] Seq=65466 Ack=4274 Win=64128 Len=0"
"552","59.761731","192.168.5.143","192.168.5.140","HTTP","79","HTTP/1.1 100 Continue "
"553","59.761837","192.168.5.140","192.168.5.143","HTTP","370","POST /en-us/test.html HTTP/1.1 "
"554","59.761962","192.168.5.143","192.168.5.140","TCP","60","80  >  49306 [ACK] Seq=65491 Ack=4590 Win=64128 Len=0"
"555","59.901877","192.168.5.143","192.168.5.140","HTTP","373","HTTP/1.1 404 Not Found  (text/plain)"
"556","59.967454","192.168.5.140","192.168.5.143","TCP","54","49306  >  80 [ACK] Seq=4590 Ack=65810 Win=64256 Len=0"
"557","62.787111","VMware_c0:00:08","Broadcast","ARP","60","Who has 192.168.5.2? Tell 192.168.5.1"
"558","64.082533","VMware_c0:00:08","Broadcast","ARP","60","Who has 192.168.5.2? Tell 192.168.5.1"
"559","64.189120","192.168.5.143","216.229.0.50","NTP","90","NTP Version 4, client"
"560","64.252622","216.229.0.50","192.168.5.143","NTP","90","NTP Version 4, server"
"561","64.797416","VMware_c0:00:08","Broadcast","ARP","60","Who has 192.168.5.2? Tell 192.168.5.1"
"562","64.944267","192.168.5.140","192.168.5.143","HTTP","280","GET /en-us/test.html HTTP/1.1 "
"563","64.965912","192.168.5.143","192.168.5.140","TCP","60","80  >  49306 [ACK] Seq=65810 Ack=4816 Win=64128 Len=0"
"564","65.210979","192.168.5.143","192.168.5.140","HTTP","366","HTTP/1.1 200 OK  (text/plain)"
"565","65.280147","192.168.5.140","192.168.5.143","TCP","54","49306  >  80 [ACK] Seq=4816 Ack=66122 Win=65536 Len=0"
"566","65.571340","192.168.5.140","192.168.5.143","TCP","54","49306  >  80 [RST, ACK] Seq=4816 Ack=66122 Win=0 Len=0"
"567","65.785834","VMware_c0:00:08","Broadcast","ARP","60","Who has 192.168.5.2? Tell 192.168.5.1"
"568","66.405408","192.168.5.140","72.21.91.29","TCP","54","49296  >  80 [FIN, ACK] Seq=1 Ack=1 Win=64240 Len=0"
"569","66.405678","72.21.91.29","192.168.5.140","TCP","60","80  >  49296 [ACK] Seq=1 Ack=2 Win=64239 Len=0"
"570","66.405844","192.168.5.140","104.26.11.240","TCP","54","49295  >  443 [FIN, ACK] Seq=1 Ack=1 Win=65535 Len=0"
"571","66.406083","104.26.11.240","192.168.5.140","TCP","60","443  >  49295 [ACK] Seq=1 Ack=2 Win=64239 Len=0"
"572","66.416283","104.26.11.240","192.168.5.140","TCP","60","443  >  49295 [FIN, PSH, ACK] Seq=1 Ack=2 Win=64239 Len=0"
"573","66.416331","192.168.5.140","104.26.11.240","TCP","54","49295  >  443 [ACK] Seq=2 Ack=2 Win=65535 Len=0"
"574","66.424738","72.21.91.29","192.168.5.140","TCP","60","80  >  49296 [FIN, PSH, ACK] Seq=1 Ack=2 Win=64239 Len=0"
"575","66.424789","192.168.5.140","72.21.91.29","TCP","54","49296  >  80 [ACK] Seq=2 Ack=2 Win=64240 Len=0"
"576","67.174985","192.168.5.143","10.0.0.6","TCP","74","47448  >  443 [SYN] Seq=0 Win=64240 Len=0 MSS=1460 SACK_PERM=1 TSval=3641329695 TSecr=0 WS=128"
"577","68.169894","192.168.5.143","10.0.0.6","TCP","74","[TCP Retransmission] [TCP Port numbers reused] 47448  >  443 [SYN] Seq=0 Win=64240 Len=0 MSS=1460 SACK_PERM=1 TSval=3641330703 TSecr=0 WS=128"
"578","68.339111","192.168.5.143","18.67.76.44","TCP","60","[TCP Keep-Alive] 44216  >  443 [ACK] Seq=934 Ack=5571 Win=62780 Len=0"
"579","68.339111","18.67.76.44","192.168.5.143","TCP","60","[TCP Keep-Alive ACK] 443  >  44216 [ACK] Seq=5571 Ack=935 Win=64240 Len=0"
"580","68.573945","192.168.5.143","23.207.202.52","TCP","60","[TCP Keep-Alive] 38366  >  80 [ACK] Seq=413 Ack=889 Win=63936 Len=0"
"581","68.573945","23.207.202.52","192.168.5.143","TCP","60","[TCP Keep-Alive ACK] 80  >  38366 [ACK] Seq=889 Ack=414 Win=64240 Len=0"
"582","69.101684","192.168.5.143","192.168.5.2","DNS","77","Standard query 0x0408 A captive.apple.com"
"583","69.101684","192.168.5.143","192.168.5.2","DNS","77","Standard query 0x840b AAAA captive.apple.com"
"584","69.115732","192.168.5.2","192.168.5.143","DNS","245","Standard query response 0x840b AAAA captive.apple.com CNAME captive-cidr.origin-apple.com.akadns.net CNAME captive-cdn.origin-apple.com.akadns.net CNAME captive.g.aaplimg.com AAAA 2620:149:a10:f100::6 AAAA 2620:149:a10:f100::4"
"585","69.131383","192.168.5.2","192.168.5.143","DNS","221","Standard query response 0x0408 A captive.apple.com CNAME captive-cidr.origin-apple.com.akadns.net CNAME captive-cdn.origin-apple.com.akadns.net CNAME captive.g.aaplimg.com A 17.253.21.203 A 17.253.21.202"
"586","69.131626","192.168.5.143","17.253.21.202","TCP","74","35666  >  80 [SYN] Seq=0 Win=64240 Len=0 MSS=1460 SACK_PERM=1 TSval=2458583276 TSecr=0 WS=128"
"587","69.151418","17.253.21.202","192.168.5.143","TCP","60","80  >  35666 [SYN, ACK] Seq=0 Ack=1 Win=64240 Len=0 MSS=1460"
"588","69.151418","192.168.5.143","17.253.21.202","TCP","60","35666  >  80 [ACK] Seq=1 Ack=1 Win=64240 Len=0"
"589","69.151418","192.168.5.143","17.253.21.202","HTTP","199","GET /generate_204 HTTP/1.1 "
"590","69.151418","17.253.21.202","192.168.5.143","TCP","60","80  >  35666 [ACK] Seq=1 Ack=146 Win=64240 Len=0"
"591","69.170481","17.253.21.202","192.168.5.143","HTTP","752","HTTP/1.1 200 OK  (text/html)"
"592","69.170481","192.168.5.143","17.253.21.202","TCP","60","35666  >  80 [ACK] Seq=146 Ack=699 Win=63542 Len=0"
"593","69.170481","192.168.5.143","17.253.21.202","TCP","60","35666  >  80 [FIN, ACK] Seq=146 Ack=699 Win=63542 Len=0"
"594","69.170481","17.253.21.202","192.168.5.143","TCP","60","80  >  35666 [ACK] Seq=699 Ack=147 Win=64239 Len=0"
"595","69.170481","192.168.5.143","192.168.5.2","DNS","79","Standard query 0xa7d7 A clients3.google.com"
"596","69.170481","192.168.5.143","192.168.5.2","DNS","79","Standard query 0x23d5 AAAA clients3.google.com"
"597","69.170481","192.168.5.2","192.168.5.143","DNS","209","Standard query response 0xa7d7 A clients3.google.com CNAME clients.l.google.com A 172.253.122.139 A 172.253.122.101 A 172.253.122.113 A 172.253.122.138 A 172.253.122.100 A 172.253.122.102"
"598","69.170481","192.168.5.2","192.168.5.143","DNS","225","Standard query response 0x23d5 AAAA clients3.google.com CNAME clients.l.google.com AAAA 2607:f8b0:4004:c17::65 AAAA 2607:f8b0:4004:c17::66 AAAA 2607:f8b0:4004:c17::8b AAAA 2607:f8b0:4004:c17::71"
"599","69.170481","192.168.5.143","172.253.122.102","TCP","74","39964  >  80 [SYN] Seq=0 Win=64240 Len=0 MSS=1460 SACK_PERM=1 TSval=1270869124 TSecr=0 WS=128"
"600","69.190176","17.253.21.202","192.168.5.143","TCP","60","80  >  35666 [FIN, PSH, ACK] Seq=699 Ack=147 Win=64239 Len=0"
"601","69.190176","192.168.5.143","17.253.21.202","TCP","60","35666  >  80 [ACK] Seq=147 Ack=700 Win=63542 Len=0"
"602","69.190176","172.253.122.102","192.168.5.143","TCP","60","80  >  39964 [SYN, ACK] Seq=0 Ack=1 Win=64240 Len=0 MSS=1460"
"603","69.190176","192.168.5.143","172.253.122.102","TCP","60","39964  >  80 [ACK] Seq=1 Ack=1 Win=64240 Len=0"
"604","69.190176","192.168.5.143","172.253.122.102","HTTP","201","GET /generate_204 HTTP/1.1 "
"605","69.190176","172.253.122.102","192.168.5.143","TCP","60","80  >  39964 [ACK] Seq=1 Ack=148 Win=64240 Len=0"
"606","69.225928","172.253.122.102","192.168.5.143","HTTP","137","HTTP/1.1 204 No Content "
"607","69.225928","192.168.5.143","172.253.122.102","TCP","60","39964  >  80 [ACK] Seq=148 Ack=84 Win=64157 Len=0"
"608","69.225928","192.168.5.143","172.253.122.102","TCP","60","39964  >  80 [FIN, ACK] Seq=148 Ack=84 Win=64157 Len=0"
"609","69.225928","172.253.122.102","192.168.5.143","TCP","60","80  >  39964 [ACK] Seq=84 Ack=149 Win=64239 Len=0"
"610","69.225928","192.168.5.143","192.168.5.2","DNS","83","Standard query 0x630d A www.msftconnecttest.com"
"611","69.225928","192.168.5.143","192.168.5.2","DNS","83","Standard query 0xc309 AAAA www.msftconnecttest.com"
"612","69.225928","172.253.122.102","192.168.5.143","TCP","60","80  >  39964 [FIN, PSH, ACK] Seq=84 Ack=149 Win=64239 Len=0"
"613","69.225928","192.168.5.143","172.253.122.102","TCP","60","39964  >  80 [ACK] Seq=149 Ack=85 Win=64157 Len=0"
"614","69.225928","192.168.5.2","192.168.5.143","DNS","219","Standard query response 0x630d A www.msftconnecttest.com CNAME ncsi-geo.trafficmanager.net CNAME v4ncsi.msedge.net CNAME ncsi.4-c-0003.c-msedge.net CNAME 4-c-0003.c-msedge.net A 13.107.4.52"
"615","69.225928","192.168.5.2","192.168.5.143","DNS","260","Standard query response 0xc309 AAAA www.msftconnecttest.com CNAME ncsi-geo.trafficmanager.net CNAME v4ncsi.msedge.net CNAME ncsi.4-c-0003.c-msedge.net CNAME 4-c-0003.c-msedge.net SOA ns1.c-msedge.net"
"616","69.225928","192.168.5.143","13.107.4.52","TCP","74","39370  >  80 [SYN] Seq=0 Win=64240 Len=0 MSS=1460 SACK_PERM=1 TSval=1780678987 TSecr=0 WS=128"
"617","69.290011","13.107.4.52","192.168.5.143","TCP","60","80  >  39370 [SYN, ACK] Seq=0 Ack=1 Win=64240 Len=0 MSS=1460"
"618","69.290011","192.168.5.143","13.107.4.52","TCP","60","39370  >  80 [ACK] Seq=1 Ack=1 Win=64240 Len=0"
"619","69.290011","192.168.5.143","13.107.4.52","HTTP","208","GET /connecttest.txt HTTP/1.1 "
"620","69.290011","13.107.4.52","192.168.5.143","TCP","60","80  >  39370 [ACK] Seq=1 Ack=155 Win=64240 Len=0"
"621","69.290011","13.107.4.52","192.168.5.143","HTTP","574","HTTP/1.1 200 OK  (text/plain)"
"622","69.290011","192.168.5.143","13.107.4.52","TCP","60","39370  >  80 [ACK] Seq=155 Ack=521 Win=63784 Len=0"
"623","69.290011","192.168.5.143","13.107.4.52","TCP","60","39370  >  80 [FIN, ACK] Seq=155 Ack=521 Win=63784 Len=0"
"624","69.290011","13.107.4.52","192.168.5.143","TCP","60","80  >  39370 [ACK] Seq=521 Ack=156 Win=64239 Len=0"
"625","69.290011","13.107.4.52","192.168.5.143","TCP","60","80  >  39370 [FIN, PSH, ACK] Seq=521 Ack=156 Win=64239 Len=0"
"626","69.290011","192.168.5.143","13.107.4.52","TCP","60","39370  >  80 [ACK] Seq=156 Ack=522 Win=63784 Len=0"
"627","70.163811","192.168.5.143","10.0.0.6","TCP","74","[TCP Retransmission] [TCP Port numbers reused] 47448  >  443 [SYN] Seq=0 Win=64240 Len=0 MSS=1460 SACK_PERM=1 TSval=3641332717 TSecr=0 WS=128"
"628","71.587205","VMware_c0:00:08","Broadcast","ARP","60","Who has 192.168.5.2? Tell 192.168.5.1"
"629","72.220551","VMware_c0:00:08","Broadcast","ARP","60","Who has 192.168.5.2? Tell 192.168.5.1"
"630","73.286396","VMware_c0:00:08","Broadcast","ARP","60","Who has 192.168.5.2? Tell 192.168.5.1"
"631","74.544892","VMware_c0:00:08","Broadcast","ARP","60","Who has 192.168.5.2? Tell 192.168.5.1"
"632","74.968450","fe80::64a0:a1a1:e927:2934","ff02::1:2","DHCPv6","169","Solicit XID: 0x30b177 CID: 000100012924cdbf000c2976eb9b "
"633","75.286687","VMware_c0:00:08","Broadcast","ARP","60","Who has 192.168.5.2? Tell 192.168.5.1"
"634","76.286834","VMware_c0:00:08","Broadcast","ARP","60","Who has 192.168.5.2? Tell 192.168.5.1"
"635","78.555902","192.168.5.143","18.67.76.44","TCP","60","[TCP Keep-Alive] 44216  >  443 [ACK] Seq=934 Ack=5571 Win=62780 Len=0"
"636","78.555902","18.67.76.44","192.168.5.143","TCP","60","[TCP Keep-Alive ACK] 443  >  44216 [ACK] Seq=5571 Ack=935 Win=64240 Len=0"
"637","78.811983","192.168.5.143","23.207.202.52","TCP","60","[TCP Keep-Alive] 38366  >  80 [ACK] Seq=413 Ack=889 Win=63936 Len=0"
"638","78.811983","23.207.202.52","192.168.5.143","TCP","60","[TCP Keep-Alive ACK] 80  >  38366 [ACK] Seq=889 Ack=414 Win=64240 Len=0"
"639","80.607708","VMware_c0:00:08","Broadcast","ARP","60","Who has 192.168.5.2? Tell 192.168.5.1"
"640","81.286146","VMware_c0:00:08","Broadcast","ARP","60","Who has 192.168.5.2? Tell 192.168.5.1"
"641","82.286403","VMware_c0:00:08","Broadcast","ARP","60","Who has 192.168.5.2? Tell 192.168.5.1"
"642","83.591852","VMware_c0:00:08","Broadcast","ARP","60","Who has 192.168.5.2? Tell 192.168.5.1"
"643","84.209070","VMware_c0:00:08","Broadcast","ARP","60","Who has 192.168.5.2? Tell 192.168.5.1"
"644","85.287448","VMware_c0:00:08","Broadcast","ARP","60","Who has 192.168.5.2? Tell 192.168.5.1"
"645","88.126438","10.0.0.6","192.168.5.143","TCP","60","443  >  47448 [RST, ACK] Seq=1 Ack=1 Win=64240 Len=0"
"646","88.787192","192.168.5.143","18.67.76.44","TCP","60","[TCP Keep-Alive] 44216  >  443 [ACK] Seq=934 Ack=5571 Win=62780 Len=0"
"647","88.787192","18.67.76.44","192.168.5.143","TCP","60","[TCP Keep-Alive ACK] 443  >  44216 [ACK] Seq=5571 Ack=935 Win=64240 Len=0"
"648","89.054577","192.168.5.143","23.207.202.52","TCP","60","[TCP Keep-Alive] 38366  >  80 [ACK] Seq=413 Ack=889 Win=63936 Len=0"
"649","89.054577","23.207.202.52","192.168.5.143","TCP","60","[TCP Keep-Alive ACK] 80  >  38366 [ACK] Seq=889 Ack=414 Win=64240 Len=0"
"650","92.082699","192.168.5.143","216.229.0.50","NTP","90","NTP Version 4, client"
"651","92.101488","192.168.5.143","10.0.0.6","TCP","74","37448  >  443 [SYN] Seq=0 Win=64240 Len=0 MSS=1460 SACK_PERM=1 TSval=3641354680 TSecr=0 WS=128"
"652","92.143796","216.229.0.50","192.168.5.143","NTP","90","NTP Version 4, server"
"653","93.123931","192.168.5.143","10.0.0.6","TCP","74","[TCP Retransmission] [TCP Port numbers reused] 37448  >  443 [SYN] Seq=0 Win=64240 Len=0 MSS=1460 SACK_PERM=1 TSval=3641355694 TSecr=0 WS=128"
"654","95.132431","192.168.5.143","10.0.0.6","TCP","74","[TCP Retransmission] [TCP Port numbers reused] 37448  >  443 [SYN] Seq=0 Win=64240 Len=0 MSS=1460 SACK_PERM=1 TSval=3641357711 TSecr=0 WS=128"
"655","98.922283","151.205.4.167","192.168.5.140","TCP","60","80  >  49304 [FIN, PSH, ACK] Seq=40149 Ack=375 Win=64240 Len=0"
"656","98.922358","192.168.5.140","151.205.4.167","TCP","54","49304  >  80 [ACK] Seq=375 Ack=40150 Win=64240 Len=0"
"657","98.922399","192.168.5.140","151.205.4.167","TCP","54","49304  >  80 [FIN, ACK] Seq=375 Ack=40150 Win=64240 Len=0"
"658","98.922490","151.205.4.167","192.168.5.140","TCP","60","80  >  49304 [ACK] Seq=40150 Ack=376 Win=64239 Len=0"
"659","99.034324","192.168.5.143","18.67.76.44","TCP","60","[TCP Keep-Alive] 44216  >  443 [ACK] Seq=934 Ack=5571 Win=62780 Len=0"
"660","99.034324","18.67.76.44","192.168.5.143","TCP","60","[TCP Keep-Alive ACK] 443  >  44216 [ACK] Seq=5571 Ack=935 Win=64240 Len=0"
"661","99.291302","192.168.5.143","23.207.202.52","TCP","60","[TCP Keep-Alive] 38366  >  80 [ACK] Seq=413 Ack=889 Win=63936 Len=0"
"662","99.291302","23.207.202.52","192.168.5.143","TCP","60","[TCP Keep-Alive ACK] 80  >  38366 [ACK] Seq=889 Ack=414 Win=64240 Len=0"
